addr,firstacc,type,T0,T1,T2,T3,T4,T5,T6,T7,T8
1024,0,R,1500,62,1,1,4,0,0,0,0
1024,0,W,0,0,0,0,0,0,0,0,0
1025,0,R,3080321,0,0,0,0,0,0,0,0
1025,0,W,0,0,0,0,0,0,0,0,0
1026,1,R,0,15405500,15405900,15404900,15408400,15408800,15405500,15406600,15405100
1026,1,W,0,0,0,0,0,0,0,0,0
1538,0,R,402,16,2,2,8,0,0,0,0
1538,0,W,2,0,0,0,0,0,0,0,0
1539,0,R,393365,9011206,9011202,9011202,9011202,9011202,9011202,9011202,9011202
1539,0,W,184,2,0,0,0,0,0,0,0
1969,0,R,18339828,4,4,4,4,4,4,4,4
1969,0,W,9575069,0,0,0,0,0,0,0,0
34166860237,0,R,0,0,0,0,0,0,0,0,40960240
34166860237,0,W,2,0,0,0,0,0,0,0,40381148
34166860238,0,R,15,0,0,0,0,0,0,0,24
34166860238,0,W,199,0,0,0,0,0,0,0,10
34166864599,0,R,0,0,0,0,0,0,0,40960240,0
34166864599,0,W,2,0,0,0,0,0,0,40382048,0
34166864600,0,R,15,0,0,0,0,0,0,24,0
34166864600,0,W,201,0,0,0,0,0,0,10,0
34166868961,0,R,0,0,0,0,0,0,40960240,0,0
34166868961,0,W,2,0,0,0,0,0,40381148,0,0
34166868962,0,R,16,0,0,0,0,0,24,0,0
34166868962,0,W,201,0,0,0,0,0,10,0,0
34166873323,0,R,0,0,0,0,0,40960240,0,0,0
34166873323,0,W,2,0,0,0,0,40382048,0,0,0
34166873324,0,R,16,0,0,0,0,24,0,0,0
34166873324,0,W,202,0,0,0,0,10,0,0,0
34166877685,0,R,0,0,0,0,40960664,0,0,0,0
34166877685,0,W,2,0,0,0,40382805,0,0,0,0
34166877686,0,R,24,0,0,0,44,0,0,0,0
34166877686,0,W,202,0,0,0,26,0,0,0,0
34166882047,0,R,0,0,0,40960343,0,0,0,0,0
34166882047,0,W,2,0,0,40381259,0,0,0,0,0
34166882048,0,R,24,0,0,29,0,0,0,0,0
34166882048,0,W,202,0,0,14,0,0,0,0,0
34166886409,0,R,0,0,40960343,0,0,0,0,0,0
34166886409,0,W,2,0,40381859,0,0,0,0,0,0
34166886410,0,R,25,0,29,0,0,0,0,0,0
34166886410,0,W,202,0,14,0,0,0,0,0,0
34166890771,0,R,0,40960604,0,0,0,0,0,0,0
34166890771,0,W,2,40381440,0,0,0,0,0,0,0
34166890772,0,R,25,44,0,0,0,0,0,0,0
34166890772,0,W,200,26,0,0,0,0,0,0,0
34166890773,0,R,1,96000,0,0,0,0,0,0,0
34166890773,0,W,961,0,0,0,0,0,0,0,0
34166890774,0,R,0,102400,0,0,0,0,0,0,0
34166890774,0,W,1024,0,0,0,0,0,0,0,0
34166890775,0,R,0,102400,0,0,0,0,0,0,0
34166890775,0,W,1024,0,0,0,0,0,0,0,0
34166890776,0,R,0,102400,0,0,0,0,0,0,0
34166890776,0,W,1024,0,0,0,0,0,0,0,0
34166890777,0,R,0,102400,0,0,0,0,0,0,0
34166890777,0,W,1024,0,0,0,0,0,0,0,0
34166890778,0,R,0,102400,0,0,0,0,0,0,0
34166890778,0,W,1024,0,0,0,0,0,0,0,0
34166890779,0,R,0,102400,0,0,0,0,0,0,0
34166890779,0,W,1024,0,0,0,0,0,0,0,0
34166890780,0,R,0,102400,0,0,0,0,0,0,0
34166890780,0,W,1024,0,0,0,0,0,0,0,0
34166890781,0,R,0,6400,96000,0,0,0,0,0,0
34166890781,0,W,1024,0,0,0,0,0,0,0,0
34166890782,0,R,0,0,102400,0,0,0,0,0,0
34166890782,0,W,1024,0,0,0,0,0,0,0,0
34166890783,0,R,0,0,102400,0,0,0,0,0,0
34166890783,0,W,1024,0,0,0,0,0,0,0,0
34166890784,0,R,0,0,102400,0,0,0,0,0,0
34166890784,0,W,1024,0,0,0,0,0,0,0,0
34166890785,0,R,0,0,102400,0,0,0,0,0,0
34166890785,0,W,1024,0,0,0,0,0,0,0,0
34166890786,0,R,0,0,102400,0,0,0,0,0,0
34166890786,0,W,1024,0,0,0,0,0,0,0,0
34166890787,0,R,0,0,102400,0,0,0,0,0,0
34166890787,0,W,1024,0,0,0,0,0,0,0,0
34166890788,0,R,0,0,102400,0,0,0,0,0,0
34166890788,0,W,1024,0,0,0,0,0,0,0,0
34166890789,0,R,0,0,6400,96000,0,0,0,0,0
34166890789,0,W,1024,0,0,0,0,0,0,0,0
34166890790,0,R,0,0,0,102400,0,0,0,0,0
34166890790,0,W,1024,0,0,0,0,0,0,0,0
34166890791,0,R,0,0,0,102400,0,0,0,0,0
34166890791,0,W,1024,0,0,0,0,0,0,0,0
34166890792,0,R,0,0,0,102400,0,0,0,0,0
34166890792,0,W,1024,0,0,0,0,0,0,0,0
34166890793,0,R,0,0,0,102400,0,0,0,0,0
34166890793,0,W,1024,0,0,0,0,0,0,0,0
34166890794,0,R,0,0,0,102400,0,0,0,0,0
34166890794,0,W,1024,0,0,0,0,0,0,0,0
34166890795,0,R,0,0,0,102400,0,0,0,0,0
34166890795,0,W,1024,0,0,0,0,0,0,0,0
34166890796,0,R,0,0,0,102400,0,0,0,0,0
34166890796,0,W,1024,0,0,0,0,0,0,0,0
34166890797,0,R,0,0,0,6400,96000,0,0,0,0
34166890797,0,W,1024,0,0,0,0,0,0,0,0
34166890798,0,R,0,0,0,0,102400,0,0,0,0
34166890798,0,W,1024,0,0,0,0,0,0,0,0
34166890799,0,R,0,0,0,0,102400,0,0,0,0
34166890799,0,W,1024,0,0,0,0,0,0,0,0
34166890800,0,R,0,0,0,0,102400,0,0,0,0
34166890800,0,W,1024,0,0,0,0,0,0,0,0
34166890801,0,R,0,0,0,0,102400,0,0,0,0
34166890801,0,W,1024,0,0,0,0,0,0,0,0
34166890802,0,R,0,0,0,0,102400,0,0,0,0
34166890802,0,W,1024,0,0,0,0,0,0,0,0
34166890803,0,R,0,0,0,0,102400,0,0,0,0
34166890803,0,W,1024,0,0,0,0,0,0,0,0
34166890804,0,R,0,0,0,0,102400,0,0,0,0
34166890804,0,W,1024,0,0,0,0,0,0,0,0
34166890805,0,R,0,0,0,0,6400,96000,0,0,0
34166890805,0,W,1024,0,0,0,0,0,0,0,0
34166890806,0,R,0,0,0,0,0,102400,0,0,0
34166890806,0,W,1024,0,0,0,0,0,0,0,0
34166890807,0,R,0,0,0,0,0,102400,0,0,0
34166890807,0,W,1024,0,0,0,0,0,0,0,0
34166890808,0,R,0,0,0,0,0,102400,0,0,0
34166890808,0,W,1024,0,0,0,0,0,0,0,0
34166890809,0,R,0,0,0,0,0,102400,0,0,0
34166890809,0,W,1024,0,0,0,0,0,0,0,0
34166890810,0,R,0,0,0,0,0,102400,0,0,0
34166890810,0,W,1024,0,0,0,0,0,0,0,0
34166890811,0,R,0,0,0,0,0,102400,0,0,0
34166890811,0,W,1024,0,0,0,0,0,0,0,0
34166890812,0,R,0,0,0,0,0,102400,0,0,0
34166890812,0,W,1024,0,0,0,0,0,0,0,0
34166890813,0,R,0,0,0,0,0,6400,96000,0,0
34166890813,0,W,1024,0,0,0,0,0,0,0,0
34166890814,0,R,0,0,0,0,0,0,102400,0,0
34166890814,0,W,1024,0,0,0,0,0,0,0,0
34166890815,0,R,0,0,0,0,0,0,102400,0,0
34166890815,0,W,1024,0,0,0,0,0,0,0,0
34166890816,0,R,0,0,0,0,0,0,102400,0,0
34166890816,0,W,1024,0,0,0,0,0,0,0,0
34166890817,0,R,0,0,0,0,0,0,102400,0,0
34166890817,0,W,1024,0,0,0,0,0,0,0,0
34166890818,0,R,0,0,0,0,0,0,102400,0,0
34166890818,0,W,1024,0,0,0,0,0,0,0,0
34166890819,0,R,0,0,0,0,0,0,102400,0,0
34166890819,0,W,1024,0,0,0,0,0,0,0,0
34166890820,0,R,0,0,0,0,0,0,102400,0,0
34166890820,0,W,1024,0,0,0,0,0,0,0,0
34166890821,0,R,0,0,0,0,0,0,6400,96000,0
34166890821,0,W,1024,0,0,0,0,0,0,0,0
34166890822,0,R,0,0,0,0,0,0,0,102400,0
34166890822,0,W,1024,0,0,0,0,0,0,0,0
34166890823,0,R,0,0,0,0,0,0,0,102400,0
34166890823,0,W,1024,0,0,0,0,0,0,0,0
34166890824,0,R,0,0,0,0,0,0,0,102400,0
34166890824,0,W,1024,0,0,0,0,0,0,0,0
34166890825,0,R,0,0,0,0,0,0,0,102400,0
34166890825,0,W,1024,0,0,0,0,0,0,0,0
34166890826,0,R,0,0,0,0,0,0,0,102400,0
34166890826,0,W,1024,0,0,0,0,0,0,0,0
34166890827,0,R,0,0,0,0,0,0,0,102400,0
34166890827,0,W,1024,0,0,0,0,0,0,0,0
34166890828,0,R,0,0,0,0,0,0,0,102400,0
34166890828,0,W,1024,0,0,0,0,0,0,0,0
34166890829,0,R,0,0,0,0,0,0,0,6400,96000
34166890829,0,W,1024,0,0,0,0,0,0,0,0
34166890830,0,R,0,0,0,0,0,0,0,0,102400
34166890830,0,W,1024,0,0,0,0,0,0,0,0
34166890831,0,R,0,0,0,0,0,0,0,0,102400
34166890831,0,W,1024,0,0,0,0,0,0,0,0
34166890832,0,R,0,0,0,0,0,0,0,0,102400
34166890832,0,W,1024,0,0,0,0,0,0,0,0
34166890833,0,R,0,0,0,0,0,0,0,0,102400
34166890833,0,W,1024,0,0,0,0,0,0,0,0
34166890834,0,R,0,0,0,0,0,0,0,0,102400
34166890834,0,W,1024,0,0,0,0,0,0,0,0
34166890835,0,R,0,0,0,0,0,0,0,0,102400
34166890835,0,W,1024,0,0,0,0,0,0,0,0
34166890836,0,R,0,0,0,0,0,0,0,0,102400
34166890836,0,W,1024,0,0,0,0,0,0,0,0
34166890837,0,R,0,96000,0,0,0,0,0,0,6400
34166890837,0,W,1024,0,0,0,0,0,0,0,0
34166890838,0,R,0,102400,0,0,0,0,0,0,0
34166890838,0,W,1024,0,0,0,0,0,0,0,0
34166890839,0,R,0,102400,0,0,0,0,0,0,0
34166890839,0,W,1024,0,0,0,0,0,0,0,0
34166890840,0,R,0,102400,0,0,0,0,0,0,0
34166890840,0,W,1024,0,0,0,0,0,0,0,0
34166890841,0,R,0,102400,0,0,0,0,0,0,0
34166890841,0,W,1024,0,0,0,0,0,0,0,0
34166890842,0,R,0,102400,0,0,0,0,0,0,0
34166890842,0,W,1024,0,0,0,0,0,0,0,0
34166890843,0,R,0,102400,0,0,0,0,0,0,0
34166890843,0,W,1024,0,0,0,0,0,0,0,0
34166890844,0,R,0,102400,0,0,0,0,0,0,0
34166890844,0,W,1024,0,0,0,0,0,0,0,0
34166890845,0,R,0,6400,96000,0,0,0,0,0,0
34166890845,0,W,1024,0,0,0,0,0,0,0,0
34166890846,0,R,0,0,102400,0,0,0,0,0,0
34166890846,0,W,1024,0,0,0,0,0,0,0,0
34166890847,0,R,0,0,102400,0,0,0,0,0,0
34166890847,0,W,1024,0,0,0,0,0,0,0,0
34166890848,0,R,0,0,102400,0,0,0,0,0,0
34166890848,0,W,1024,0,0,0,0,0,0,0,0
34166890849,0,R,0,0,102400,0,0,0,0,0,0
34166890849,0,W,1024,0,0,0,0,0,0,0,0
34166890850,0,R,0,0,102400,0,0,0,0,0,0
34166890850,0,W,1024,0,0,0,0,0,0,0,0
34166890851,0,R,0,0,102400,0,0,0,0,0,0
34166890851,0,W,1024,0,0,0,0,0,0,0,0
34166890852,0,R,0,0,102400,0,0,0,0,0,0
34166890852,0,W,1024,0,0,0,0,0,0,0,0
34166890853,0,R,0,0,6400,96000,0,0,0,0,0
34166890853,0,W,1024,0,0,0,0,0,0,0,0
34166890854,0,R,0,0,0,102400,0,0,0,0,0
34166890854,0,W,1024,0,0,0,0,0,0,0,0
34166890855,0,R,0,0,0,102400,0,0,0,0,0
34166890855,0,W,1024,0,0,0,0,0,0,0,0
34166890856,0,R,0,0,0,102400,0,0,0,0,0
34166890856,0,W,1024,0,0,0,0,0,0,0,0
34166890857,0,R,0,0,0,102400,0,0,0,0,0
34166890857,0,W,1024,0,0,0,0,0,0,0,0
34166890858,0,R,0,0,0,102400,0,0,0,0,0
34166890858,0,W,1024,0,0,0,0,0,0,0,0
34166890859,0,R,0,0,0,102400,0,0,0,0,0
34166890859,0,W,1024,0,0,0,0,0,0,0,0
34166890860,0,R,0,0,0,102400,0,0,0,0,0
34166890860,0,W,1024,0,0,0,0,0,0,0,0
34166890861,0,R,0,0,0,6400,96000,0,0,0,0
34166890861,0,W,1024,0,0,0,0,0,0,0,0
34166890862,0,R,0,0,0,0,102400,0,0,0,0
34166890862,0,W,1024,0,0,0,0,0,0,0,0
34166890863,0,R,0,0,0,0,102400,0,0,0,0
34166890863,0,W,1024,0,0,0,0,0,0,0,0
34166890864,0,R,0,0,0,0,102400,0,0,0,0
34166890864,0,W,1024,0,0,0,0,0,0,0,0
34166890865,0,R,0,0,0,0,102400,0,0,0,0
34166890865,0,W,1024,0,0,0,0,0,0,0,0
34166890866,0,R,0,0,0,0,102400,0,0,0,0
34166890866,0,W,1024,0,0,0,0,0,0,0,0
34166890867,0,R,0,0,0,0,102400,0,0,0,0
34166890867,0,W,1024,0,0,0,0,0,0,0,0
34166890868,0,R,0,0,0,0,102400,0,0,0,0
34166890868,0,W,1024,0,0,0,0,0,0,0,0
34166890869,0,R,0,0,0,0,6400,96000,0,0,0
34166890869,0,W,1024,0,0,0,0,0,0,0,0
34166890870,0,R,0,0,0,0,0,102400,0,0,0
34166890870,0,W,1024,0,0,0,0,0,0,0,0
34166890871,0,R,0,0,0,0,0,102400,0,0,0
34166890871,0,W,1024,0,0,0,0,0,0,0,0
34166890872,0,R,0,0,0,0,0,102400,0,0,0
34166890872,0,W,1024,0,0,0,0,0,0,0,0
34166890873,0,R,0,0,0,0,0,102400,0,0,0
34166890873,0,W,1024,0,0,0,0,0,0,0,0
34166890874,0,R,0,0,0,0,0,102400,0,0,0
34166890874,0,W,1024,0,0,0,0,0,0,0,0
34166890875,0,R,0,0,0,0,0,102400,0,0,0
34166890875,0,W,1024,0,0,0,0,0,0,0,0
34166890876,0,R,0,0,0,0,0,102400,0,0,0
34166890876,0,W,1024,0,0,0,0,0,0,0,0
34166890877,0,R,0,0,0,0,0,6400,96000,0,0
34166890877,0,W,1024,0,0,0,0,0,0,0,0
34166890878,0,R,0,0,0,0,0,0,102400,0,0
34166890878,0,W,1024,0,0,0,0,0,0,0,0
34166890879,0,R,0,0,0,0,0,0,102400,0,0
34166890879,0,W,1024,0,0,0,0,0,0,0,0
34166890880,0,R,0,0,0,0,0,0,102400,0,0
34166890880,0,W,1024,0,0,0,0,0,0,0,0
34166890881,0,R,0,0,0,0,0,0,102400,0,0
34166890881,0,W,1024,0,0,0,0,0,0,0,0
34166890882,0,R,0,0,0,0,0,0,102400,0,0
34166890882,0,W,1024,0,0,0,0,0,0,0,0
34166890883,0,R,0,0,0,0,0,0,102400,0,0
34166890883,0,W,1024,0,0,0,0,0,0,0,0
34166890884,0,R,0,0,0,0,0,0,102400,0,0
34166890884,0,W,1024,0,0,0,0,0,0,0,0
34166890885,0,R,0,0,0,0,0,0,6400,96000,0
34166890885,0,W,1024,0,0,0,0,0,0,0,0
34166890886,0,R,0,0,0,0,0,0,0,102400,0
34166890886,0,W,1024,0,0,0,0,0,0,0,0
34166890887,0,R,0,0,0,0,0,0,0,102400,0
34166890887,0,W,1024,0,0,0,0,0,0,0,0
34166890888,0,R,0,0,0,0,0,0,0,102400,0
34166890888,0,W,1024,0,0,0,0,0,0,0,0
34166890889,0,R,0,0,0,0,0,0,0,102400,0
34166890889,0,W,1024,0,0,0,0,0,0,0,0
34166890890,0,R,0,0,0,0,0,0,0,102400,0
34166890890,0,W,1024,0,0,0,0,0,0,0,0
34166890891,0,R,0,0,0,0,0,0,0,102400,0
34166890891,0,W,1024,0,0,0,0,0,0,0,0
34166890892,0,R,0,0,0,0,0,0,0,102400,0
34166890892,0,W,1024,0,0,0,0,0,0,0,0
34166890893,0,R,0,0,0,0,0,0,0,6400,96000
34166890893,0,W,1024,0,0,0,0,0,0,0,0
34166890894,0,R,0,0,0,0,0,0,0,0,102400
34166890894,0,W,1024,0,0,0,0,0,0,0,0
34166890895,0,R,0,0,0,0,0,0,0,0,102400
34166890895,0,W,1024,0,0,0,0,0,0,0,0
34166890896,0,R,0,0,0,0,0,0,0,0,102400
34166890896,0,W,1024,0,0,0,0,0,0,0,0
34166890897,0,R,0,0,0,0,0,0,0,0,102400
34166890897,0,W,1024,0,0,0,0,0,0,0,0
34166890898,0,R,0,0,0,0,0,0,0,0,102400
34166890898,0,W,1024,0,0,0,0,0,0,0,0
34166890899,0,R,0,0,0,0,0,0,0,0,102400
34166890899,0,W,1024,0,0,0,0,0,0,0,0
34166890900,0,R,0,0,0,0,0,0,0,0,102400
34166890900,0,W,1024,0,0,0,0,0,0,0,0
34166890901,0,R,0,96000,0,0,0,0,0,0,6400
34166890901,0,W,1024,0,0,0,0,0,0,0,0
34166890902,0,R,0,102400,0,0,0,0,0,0,0
34166890902,0,W,1024,0,0,0,0,0,0,0,0
34166890903,0,R,0,102400,0,0,0,0,0,0,0
34166890903,0,W,1024,0,0,0,0,0,0,0,0
34166890904,0,R,0,102400,0,0,0,0,0,0,0
34166890904,0,W,1024,0,0,0,0,0,0,0,0
34166890905,0,R,0,102400,0,0,0,0,0,0,0
34166890905,0,W,1024,0,0,0,0,0,0,0,0
34166890906,0,R,0,102400,0,0,0,0,0,0,0
34166890906,0,W,1024,0,0,0,0,0,0,0,0
34166890907,0,R,0,102400,0,0,0,0,0,0,0
34166890907,0,W,1024,0,0,0,0,0,0,0,0
34166890908,0,R,0,102400,0,0,0,0,0,0,0
34166890908,0,W,1024,0,0,0,0,0,0,0,0
34166890909,0,R,0,6400,96000,0,0,0,0,0,0
34166890909,0,W,1024,0,0,0,0,0,0,0,0
34166890910,0,R,0,0,102400,0,0,0,0,0,0
34166890910,0,W,1024,0,0,0,0,0,0,0,0
34166890911,0,R,0,0,102400,0,0,0,0,0,0
34166890911,0,W,1024,0,0,0,0,0,0,0,0
34166890912,0,R,0,0,102400,0,0,0,0,0,0
34166890912,0,W,1024,0,0,0,0,0,0,0,0
34166890913,0,R,0,0,102400,0,0,0,0,0,0
34166890913,0,W,1024,0,0,0,0,0,0,0,0
34166890914,0,R,0,0,102400,0,0,0,0,0,0
34166890914,0,W,1024,0,0,0,0,0,0,0,0
34166890915,0,R,0,0,102400,0,0,0,0,0,0
34166890915,0,W,1024,0,0,0,0,0,0,0,0
34166890916,0,R,0,0,102400,0,0,0,0,0,0
34166890916,0,W,1024,0,0,0,0,0,0,0,0
34166890917,0,R,0,0,6400,96000,0,0,0,0,0
34166890917,0,W,1024,0,0,0,0,0,0,0,0
34166890918,0,R,0,0,0,102400,0,0,0,0,0
34166890918,0,W,1024,0,0,0,0,0,0,0,0
34166890919,0,R,0,0,0,102400,0,0,0,0,0
34166890919,0,W,1024,0,0,0,0,0,0,0,0
34166890920,0,R,0,0,0,102400,0,0,0,0,0
34166890920,0,W,1024,0,0,0,0,0,0,0,0
34166890921,0,R,0,0,0,102400,0,0,0,0,0
34166890921,0,W,1024,0,0,0,0,0,0,0,0
34166890922,0,R,0,0,0,102400,0,0,0,0,0
34166890922,0,W,1024,0,0,0,0,0,0,0,0
34166890923,0,R,0,0,0,102400,0,0,0,0,0
34166890923,0,W,1024,0,0,0,0,0,0,0,0
34166890924,0,R,0,0,0,102400,0,0,0,0,0
34166890924,0,W,1024,0,0,0,0,0,0,0,0
34166890925,0,R,0,0,0,6400,96000,0,0,0,0
34166890925,0,W,1024,0,0,0,0,0,0,0,0
34166890926,0,R,0,0,0,0,102400,0,0,0,0
34166890926,0,W,1024,0,0,0,0,0,0,0,0
34166890927,0,R,0,0,0,0,102400,0,0,0,0
34166890927,0,W,1024,0,0,0,0,0,0,0,0
34166890928,0,R,0,0,0,0,102400,0,0,0,0
34166890928,0,W,1024,0,0,0,0,0,0,0,0
34166890929,0,R,0,0,0,0,102400,0,0,0,0
34166890929,0,W,1024,0,0,0,0,0,0,0,0
34166890930,0,R,0,0,0,0,102400,0,0,0,0
34166890930,0,W,1024,0,0,0,0,0,0,0,0
34166890931,0,R,0,0,0,0,102400,0,0,0,0
34166890931,0,W,1024,0,0,0,0,0,0,0,0
34166890932,0,R,0,0,0,0,102400,0,0,0,0
34166890932,0,W,1024,0,0,0,0,0,0,0,0
34166890933,0,R,0,0,0,0,6400,96000,0,0,0
34166890933,0,W,1024,0,0,0,0,0,0,0,0
34166890934,0,R,0,0,0,0,0,102400,0,0,0
34166890934,0,W,1024,0,0,0,0,0,0,0,0
34166890935,0,R,0,0,0,0,0,102400,0,0,0
34166890935,0,W,1024,0,0,0,0,0,0,0,0
34166890936,0,R,0,0,0,0,0,102400,0,0,0
34166890936,0,W,1024,0,0,0,0,0,0,0,0
34166890937,0,R,0,0,0,0,0,102400,0,0,0
34166890937,0,W,1024,0,0,0,0,0,0,0,0
34166890938,0,R,0,0,0,0,0,102400,0,0,0
34166890938,0,W,1024,0,0,0,0,0,0,0,0
34166890939,0,R,0,0,0,0,0,102400,0,0,0
34166890939,0,W,1024,0,0,0,0,0,0,0,0
34166890940,0,R,0,0,0,0,0,102400,0,0,0
34166890940,0,W,1024,0,0,0,0,0,0,0,0
34166890941,0,R,0,0,0,0,0,6400,96000,0,0
34166890941,0,W,1024,0,0,0,0,0,0,0,0
34166890942,0,R,0,0,0,0,0,0,102400,0,0
34166890942,0,W,1024,0,0,0,0,0,0,0,0
34166890943,0,R,0,0,0,0,0,0,102400,0,0
34166890943,0,W,1024,0,0,0,0,0,0,0,0
34166890944,0,R,0,0,0,0,0,0,102400,0,0
34166890944,0,W,1024,0,0,0,0,0,0,0,0
34166890945,0,R,0,0,0,0,0,0,102400,0,0
34166890945,0,W,1024,0,0,0,0,0,0,0,0
34166890946,0,R,0,0,0,0,0,0,102400,0,0
34166890946,0,W,1024,0,0,0,0,0,0,0,0
34166890947,0,R,0,0,0,0,0,0,102400,0,0
34166890947,0,W,1024,0,0,0,0,0,0,0,0
34166890948,0,R,0,0,0,0,0,0,102400,0,0
34166890948,0,W,1024,0,0,0,0,0,0,0,0
34166890949,0,R,0,0,0,0,0,0,6400,96000,0
34166890949,0,W,1024,0,0,0,0,0,0,0,0
34166890950,0,R,0,0,0,0,0,0,0,102400,0
34166890950,0,W,1024,0,0,0,0,0,0,0,0
34166890951,0,R,0,0,0,0,0,0,0,102400,0
34166890951,0,W,1024,0,0,0,0,0,0,0,0
34166890952,0,R,0,0,0,0,0,0,0,102400,0
34166890952,0,W,1024,0,0,0,0,0,0,0,0
34166890953,0,R,0,0,0,0,0,0,0,102400,0
34166890953,0,W,1024,0,0,0,0,0,0,0,0
34166890954,0,R,0,0,0,0,0,0,0,102400,0
34166890954,0,W,1024,0,0,0,0,0,0,0,0
34166890955,0,R,0,0,0,0,0,0,0,102400,0
34166890955,0,W,1024,0,0,0,0,0,0,0,0
34166890956,0,R,0,0,0,0,0,0,0,102400,0
34166890956,0,W,1024,0,0,0,0,0,0,0,0
34166890957,0,R,0,0,0,0,0,0,0,6400,96000
34166890957,0,W,1024,0,0,0,0,0,0,0,0
34166890958,0,R,0,0,0,0,0,0,0,0,102400
34166890958,0,W,1024,0,0,0,0,0,0,0,0
34166890959,0,R,0,0,0,0,0,0,0,0,102400
34166890959,0,W,1024,0,0,0,0,0,0,0,0
34166890960,0,R,0,0,0,0,0,0,0,0,102400
34166890960,0,W,1024,0,0,0,0,0,0,0,0
34166890961,0,R,0,0,0,0,0,0,0,0,102400
34166890961,0,W,1024,0,0,0,0,0,0,0,0
34166890962,0,R,0,0,0,0,0,0,0,0,102400
34166890962,0,W,1024,0,0,0,0,0,0,0,0
34166890963,0,R,0,0,0,0,0,0,0,0,102400
34166890963,0,W,1024,0,0,0,0,0,0,0,0
34166890964,0,R,0,0,0,0,0,0,0,0,102400
34166890964,0,W,1024,0,0,0,0,0,0,0,0
34166890965,0,R,0,96000,0,0,0,0,0,0,6400
34166890965,0,W,1024,0,0,0,0,0,0,0,0
34166890966,0,R,0,102400,0,0,0,0,0,0,0
34166890966,0,W,1024,0,0,0,0,0,0,0,0
34166890967,0,R,0,102400,0,0,0,0,0,0,0
34166890967,0,W,1024,0,0,0,0,0,0,0,0
34166890968,0,R,0,102400,0,0,0,0,0,0,0
34166890968,0,W,1024,0,0,0,0,0,0,0,0
34166890969,0,R,0,102400,0,0,0,0,0,0,0
34166890969,0,W,1024,0,0,0,0,0,0,0,0
34166890970,0,R,0,102400,0,0,0,0,0,0,0
34166890970,0,W,1024,0,0,0,0,0,0,0,0
34166890971,0,R,0,102400,0,0,0,0,0,0,0
34166890971,0,W,1024,0,0,0,0,0,0,0,0
34166890972,0,R,0,102400,0,0,0,0,0,0,0
34166890972,0,W,1024,0,0,0,0,0,0,0,0
34166890973,0,R,0,6400,96000,0,0,0,0,0,0
34166890973,0,W,1024,0,0,0,0,0,0,0,0
34166890974,0,R,0,0,102400,0,0,0,0,0,0
34166890974,0,W,1024,0,0,0,0,0,0,0,0
34166890975,0,R,0,0,102400,0,0,0,0,0,0
34166890975,0,W,1024,0,0,0,0,0,0,0,0
34166890976,0,R,0,0,102400,0,0,0,0,0,0
34166890976,0,W,1024,0,0,0,0,0,0,0,0
34166890977,0,R,0,0,102400,0,0,0,0,0,0
34166890977,0,W,1024,0,0,0,0,0,0,0,0
34166890978,0,R,0,0,102400,0,0,0,0,0,0
34166890978,0,W,1024,0,0,0,0,0,0,0,0
34166890979,0,R,0,0,102400,0,0,0,0,0,0
34166890979,0,W,1024,0,0,0,0,0,0,0,0
34166890980,0,R,0,0,102400,0,0,0,0,0,0
34166890980,0,W,1024,0,0,0,0,0,0,0,0
34166890981,0,R,0,0,6400,96000,0,0,0,0,0
34166890981,0,W,1024,0,0,0,0,0,0,0,0
34166890982,0,R,0,0,0,102400,0,0,0,0,0
34166890982,0,W,1024,0,0,0,0,0,0,0,0
34166890983,0,R,0,0,0,102400,0,0,0,0,0
34166890983,0,W,1024,0,0,0,0,0,0,0,0
34166890984,0,R,0,0,0,102400,0,0,0,0,0
34166890984,0,W,1024,0,0,0,0,0,0,0,0
34166890985,0,R,0,0,0,102400,0,0,0,0,0
34166890985,0,W,1024,0,0,0,0,0,0,0,0
34166890986,0,R,0,0,0,102400,0,0,0,0,0
34166890986,0,W,1024,0,0,0,0,0,0,0,0
34166890987,0,R,0,0,0,102400,0,0,0,0,0
34166890987,0,W,1024,0,0,0,0,0,0,0,0
34166890988,0,R,0,0,0,102400,0,0,0,0,0
34166890988,0,W,1024,0,0,0,0,0,0,0,0
34166890989,0,R,0,0,0,6400,96000,0,0,0,0
34166890989,0,W,1024,0,0,0,0,0,0,0,0
34166890990,0,R,0,0,0,0,102400,0,0,0,0
34166890990,0,W,1024,0,0,0,0,0,0,0,0
34166890991,0,R,0,0,0,0,102400,0,0,0,0
34166890991,0,W,1024,0,0,0,0,0,0,0,0
34166890992,0,R,0,0,0,0,102400,0,0,0,0
34166890992,0,W,1024,0,0,0,0,0,0,0,0
34166890993,0,R,0,0,0,0,102400,0,0,0,0
34166890993,0,W,1024,0,0,0,0,0,0,0,0
34166890994,0,R,0,0,0,0,102400,0,0,0,0
34166890994,0,W,1024,0,0,0,0,0,0,0,0
34166890995,0,R,0,0,0,0,102400,0,0,0,0
34166890995,0,W,1024,0,0,0,0,0,0,0,0
34166890996,0,R,0,0,0,0,102400,0,0,0,0
34166890996,0,W,1024,0,0,0,0,0,0,0,0
34166890997,0,R,0,0,0,0,6400,96000,0,0,0
34166890997,0,W,1024,0,0,0,0,0,0,0,0
34166890998,0,R,0,0,0,0,0,102400,0,0,0
34166890998,0,W,1024,0,0,0,0,0,0,0,0
34166890999,0,R,0,0,0,0,0,102400,0,0,0
34166890999,0,W,1024,0,0,0,0,0,0,0,0
34166891000,0,R,0,0,0,0,0,102400,0,0,0
34166891000,0,W,1024,0,0,0,0,0,0,0,0
34166891001,0,R,0,0,0,0,0,102400,0,0,0
34166891001,0,W,1024,0,0,0,0,0,0,0,0
34166891002,0,R,0,0,0,0,0,102400,0,0,0
34166891002,0,W,1024,0,0,0,0,0,0,0,0
34166891003,0,R,0,0,0,0,0,102400,0,0,0
34166891003,0,W,1024,0,0,0,0,0,0,0,0
34166891004,0,R,0,0,0,0,0,102400,0,0,0
34166891004,0,W,1024,0,0,0,0,0,0,0,0
34166891005,0,R,0,0,0,0,0,6400,96000,0,0
34166891005,0,W,1024,0,0,0,0,0,0,0,0
34166891006,0,R,0,0,0,0,0,0,102400,0,0
34166891006,0,W,1024,0,0,0,0,0,0,0,0
34166891007,0,R,0,0,0,0,0,0,102400,0,0
34166891007,0,W,1024,0,0,0,0,0,0,0,0
34166891008,0,R,0,0,0,0,0,0,102400,0,0
34166891008,0,W,1024,0,0,0,0,0,0,0,0
34166891009,0,R,0,0,0,0,0,0,102400,0,0
34166891009,0,W,1024,0,0,0,0,0,0,0,0
34166891010,0,R,0,0,0,0,0,0,102400,0,0
34166891010,0,W,1024,0,0,0,0,0,0,0,0
34166891011,0,R,0,0,0,0,0,0,102400,0,0
34166891011,0,W,1024,0,0,0,0,0,0,0,0
34166891012,0,R,0,0,0,0,0,0,102400,0,0
34166891012,0,W,1024,0,0,0,0,0,0,0,0
34166891013,0,R,0,0,0,0,0,0,6400,96000,0
34166891013,0,W,1024,0,0,0,0,0,0,0,0
34166891014,0,R,0,0,0,0,0,0,0,102400,0
34166891014,0,W,1024,0,0,0,0,0,0,0,0
34166891015,0,R,0,0,0,0,0,0,0,102400,0
34166891015,0,W,1024,0,0,0,0,0,0,0,0
34166891016,0,R,0,0,0,0,0,0,0,102400,0
34166891016,0,W,1024,0,0,0,0,0,0,0,0
34166891017,0,R,0,0,0,0,0,0,0,102400,0
34166891017,0,W,1024,0,0,0,0,0,0,0,0
34166891018,0,R,0,0,0,0,0,0,0,102400,0
34166891018,0,W,1024,0,0,0,0,0,0,0,0
34166891019,0,R,0,0,0,0,0,0,0,102400,0
34166891019,0,W,1024,0,0,0,0,0,0,0,0
34166891020,0,R,0,0,0,0,0,0,0,102400,0
34166891020,0,W,1024,0,0,0,0,0,0,0,0
34166891021,0,R,0,0,0,0,0,0,0,6400,96000
34166891021,0,W,1024,0,0,0,0,0,0,0,0
34166891022,0,R,0,0,0,0,0,0,0,0,102400
34166891022,0,W,1024,0,0,0,0,0,0,0,0
34166891023,0,R,0,0,0,0,0,0,0,0,102400
34166891023,0,W,1024,0,0,0,0,0,0,0,0
34166891024,0,R,0,0,0,0,0,0,0,0,102400
34166891024,0,W,1024,0,0,0,0,0,0,0,0
34166891025,0,R,0,0,0,0,0,0,0,0,102400
34166891025,0,W,1024,0,0,0,0,0,0,0,0
34166891026,0,R,0,0,0,0,0,0,0,0,102400
34166891026,0,W,1024,0,0,0,0,0,0,0,0
34166891027,0,R,0,0,0,0,0,0,0,0,102400
34166891027,0,W,1024,0,0,0,0,0,0,0,0
34166891028,0,R,0,0,0,0,0,0,0,0,102400
34166891028,0,W,1024,0,0,0,0,0,0,0,0
34166891029,0,R,0,96000,0,0,0,0,0,0,6400
34166891029,0,W,1024,0,0,0,0,0,0,0,0
34166891030,0,R,0,102400,0,0,0,0,0,0,0
34166891030,0,W,1024,0,0,0,0,0,0,0,0
34166891031,0,R,0,102400,0,0,0,0,0,0,0
34166891031,0,W,1024,0,0,0,0,0,0,0,0
34166891032,0,R,0,102400,0,0,0,0,0,0,0
34166891032,0,W,1024,0,0,0,0,0,0,0,0
34166891033,0,R,0,102400,0,0,0,0,0,0,0
34166891033,0,W,1024,0,0,0,0,0,0,0,0
34166891034,0,R,0,102400,0,0,0,0,0,0,0
34166891034,0,W,1024,0,0,0,0,0,0,0,0
34166891035,0,R,0,102400,0,0,0,0,0,0,0
34166891035,0,W,1024,0,0,0,0,0,0,0,0
34166891036,0,R,0,102400,0,0,0,0,0,0,0
34166891036,0,W,1024,0,0,0,0,0,0,0,0
34166891037,0,R,0,6400,96000,0,0,0,0,0,0
34166891037,0,W,1024,0,0,0,0,0,0,0,0
34166891038,0,R,0,0,102400,0,0,0,0,0,0
34166891038,0,W,1024,0,0,0,0,0,0,0,0
34166891039,0,R,0,0,102400,0,0,0,0,0,0
34166891039,0,W,1024,0,0,0,0,0,0,0,0
34166891040,0,R,0,0,102400,0,0,0,0,0,0
34166891040,0,W,1024,0,0,0,0,0,0,0,0
34166891041,0,R,0,0,102400,0,0,0,0,0,0
34166891041,0,W,1024,0,0,0,0,0,0,0,0
34166891042,0,R,0,0,102400,0,0,0,0,0,0
34166891042,0,W,1024,0,0,0,0,0,0,0,0
34166891043,0,R,0,0,102400,0,0,0,0,0,0
34166891043,0,W,1024,0,0,0,0,0,0,0,0
34166891044,0,R,0,0,102400,0,0,0,0,0,0
34166891044,0,W,1024,0,0,0,0,0,0,0,0
34166891045,0,R,0,0,6400,96000,0,0,0,0,0
34166891045,0,W,1024,0,0,0,0,0,0,0,0
34166891046,0,R,0,0,0,102400,0,0,0,0,0
34166891046,0,W,1024,0,0,0,0,0,0,0,0
34166891047,0,R,0,0,0,102400,0,0,0,0,0
34166891047,0,W,1024,0,0,0,0,0,0,0,0
34166891048,0,R,0,0,0,102400,0,0,0,0,0
34166891048,0,W,1024,0,0,0,0,0,0,0,0
34166891049,0,R,0,0,0,102400,0,0,0,0,0
34166891049,0,W,1024,0,0,0,0,0,0,0,0
34166891050,0,R,0,0,0,102400,0,0,0,0,0
34166891050,0,W,1024,0,0,0,0,0,0,0,0
34166891051,0,R,0,0,0,102400,0,0,0,0,0
34166891051,0,W,1024,0,0,0,0,0,0,0,0
34166891052,0,R,0,0,0,102400,0,0,0,0,0
34166891052,0,W,1024,0,0,0,0,0,0,0,0
34166891053,0,R,0,0,0,6400,96000,0,0,0,0
34166891053,0,W,1024,0,0,0,0,0,0,0,0
34166891054,0,R,0,0,0,0,102400,0,0,0,0
34166891054,0,W,1024,0,0,0,0,0,0,0,0
34166891055,0,R,0,0,0,0,102400,0,0,0,0
34166891055,0,W,1024,0,0,0,0,0,0,0,0
34166891056,0,R,0,0,0,0,102400,0,0,0,0
34166891056,0,W,1024,0,0,0,0,0,0,0,0
34166891057,0,R,0,0,0,0,102400,0,0,0,0
34166891057,0,W,1024,0,0,0,0,0,0,0,0
34166891058,0,R,0,0,0,0,102400,0,0,0,0
34166891058,0,W,1024,0,0,0,0,0,0,0,0
34166891059,0,R,0,0,0,0,102400,0,0,0,0
34166891059,0,W,1024,0,0,0,0,0,0,0,0
34166891060,0,R,0,0,0,0,102400,0,0,0,0
34166891060,0,W,1024,0,0,0,0,0,0,0,0
34166891061,0,R,0,0,0,0,6400,96000,0,0,0
34166891061,0,W,1024,0,0,0,0,0,0,0,0
34166891062,0,R,0,0,0,0,0,102400,0,0,0
34166891062,0,W,1024,0,0,0,0,0,0,0,0
34166891063,0,R,0,0,0,0,0,102400,0,0,0
34166891063,0,W,1024,0,0,0,0,0,0,0,0
34166891064,0,R,0,0,0,0,0,102400,0,0,0
34166891064,0,W,1024,0,0,0,0,0,0,0,0
34166891065,0,R,0,0,0,0,0,102400,0,0,0
34166891065,0,W,1024,0,0,0,0,0,0,0,0
34166891066,0,R,0,0,0,0,0,102400,0,0,0
34166891066,0,W,1024,0,0,0,0,0,0,0,0
34166891067,0,R,0,0,0,0,0,102400,0,0,0
34166891067,0,W,1024,0,0,0,0,0,0,0,0
34166891068,0,R,0,0,0,0,0,102400,0,0,0
34166891068,0,W,1024,0,0,0,0,0,0,0,0
34166891069,0,R,0,0,0,0,0,6400,96000,0,0
34166891069,0,W,1024,0,0,0,0,0,0,0,0
34166891070,0,R,0,0,0,0,0,0,102400,0,0
34166891070,0,W,1024,0,0,0,0,0,0,0,0
34166891071,0,R,0,0,0,0,0,0,102400,0,0
34166891071,0,W,1024,0,0,0,0,0,0,0,0
34166891072,0,R,0,0,0,0,0,0,102400,0,0
34166891072,0,W,1024,0,0,0,0,0,0,0,0
34166891073,0,R,0,0,0,0,0,0,102400,0,0
34166891073,0,W,1024,0,0,0,0,0,0,0,0
34166891074,0,R,0,0,0,0,0,0,102400,0,0
34166891074,0,W,1024,0,0,0,0,0,0,0,0
34166891075,0,R,0,0,0,0,0,0,102400,0,0
34166891075,0,W,1024,0,0,0,0,0,0,0,0
34166891076,0,R,0,0,0,0,0,0,102400,0,0
34166891076,0,W,1024,0,0,0,0,0,0,0,0
34166891077,0,R,0,0,0,0,0,0,6400,96000,0
34166891077,0,W,1024,0,0,0,0,0,0,0,0
34166891078,0,R,0,0,0,0,0,0,0,102400,0
34166891078,0,W,1024,0,0,0,0,0,0,0,0
34166891079,0,R,0,0,0,0,0,0,0,102400,0
34166891079,0,W,1024,0,0,0,0,0,0,0,0
34166891080,0,R,0,0,0,0,0,0,0,102400,0
34166891080,0,W,1024,0,0,0,0,0,0,0,0
34166891081,0,R,0,0,0,0,0,0,0,102400,0
34166891081,0,W,1024,0,0,0,0,0,0,0,0
34166891082,0,R,0,0,0,0,0,0,0,102400,0
34166891082,0,W,1024,0,0,0,0,0,0,0,0
34166891083,0,R,0,0,0,0,0,0,0,102400,0
34166891083,0,W,1024,0,0,0,0,0,0,0,0
34166891084,0,R,0,0,0,0,0,0,0,102400,0
34166891084,0,W,1024,0,0,0,0,0,0,0,0
34166891085,0,R,0,0,0,0,0,0,0,6400,96000
34166891085,0,W,1024,0,0,0,0,0,0,0,0
34166891086,0,R,0,0,0,0,0,0,0,0,102400
34166891086,0,W,1024,0,0,0,0,0,0,0,0
34166891087,0,R,0,0,0,0,0,0,0,0,102400
34166891087,0,W,1024,0,0,0,0,0,0,0,0
34166891088,0,R,0,0,0,0,0,0,0,0,102400
34166891088,0,W,1024,0,0,0,0,0,0,0,0
34166891089,0,R,0,0,0,0,0,0,0,0,102400
34166891089,0,W,1024,0,0,0,0,0,0,0,0
34166891090,0,R,0,0,0,0,0,0,0,0,102400
34166891090,0,W,1024,0,0,0,0,0,0,0,0
34166891091,0,R,0,0,0,0,0,0,0,0,102400
34166891091,0,W,1024,0,0,0,0,0,0,0,0
34166891092,0,R,0,0,0,0,0,0,0,0,102400
34166891092,0,W,1024,0,0,0,0,0,0,0,0
34166891093,0,R,0,0,0,0,0,0,0,0,6400
34166891093,0,W,64,0,0,0,0,0,0,0,0
34166891094,0,R,684,0,0,0,0,0,0,0,0
34166891094,0,W,1021,0,0,0,0,0,0,0,0
34166891095,0,R,682,0,0,0,0,0,0,0,0
34166891095,0,W,1024,0,0,0,0,0,0,0,0
34166891096,0,R,683,0,0,0,0,0,0,0,0
34166891096,0,W,1024,0,0,0,0,0,0,0,0
34166891097,0,R,683,0,0,0,0,0,0,0,0
34166891097,0,W,1024,0,0,0,0,0,0,0,0
34166891098,0,R,682,0,0,0,0,0,0,0,0
34166891098,0,W,1024,0,0,0,0,0,0,0,0
34166891099,0,R,683,0,0,0,0,0,0,0,0
34166891099,0,W,1024,0,0,0,0,0,0,0,0
34166891100,0,R,682,0,0,0,0,0,0,0,0
34166891100,0,W,1024,0,0,0,0,0,0,0,0
34166891101,0,R,684,0,0,0,0,0,0,0,0
34166891101,0,W,1024,0,0,0,0,0,0,0,0
34166891102,0,R,682,0,0,0,0,0,0,0,0
34166891102,0,W,1024,0,0,0,0,0,0,0,0
34166891103,0,R,683,0,0,0,0,0,0,0,0
34166891103,0,W,1024,0,0,0,0,0,0,0,0
34166891104,0,R,682,0,0,0,0,0,0,0,0
34166891104,0,W,1024,0,0,0,0,0,0,0,0
34166891105,0,R,683,0,0,0,0,0,0,0,0
34166891105,0,W,1024,0,0,0,0,0,0,0,0
34166891106,0,R,683,0,0,0,0,0,0,0,0
34166891106,0,W,1024,0,0,0,0,0,0,0,0
34166891107,0,R,682,0,0,0,0,0,0,0,0
34166891107,0,W,1024,0,0,0,0,0,0,0,0
34166891108,0,R,683,0,0,0,0,0,0,0,0
34166891108,0,W,1024,0,0,0,0,0,0,0,0
34166891109,0,R,682,0,0,0,0,0,0,0,0
34166891109,0,W,1024,0,0,0,0,0,0,0,0
34166891110,0,R,684,0,0,0,0,0,0,0,0
34166891110,0,W,1024,0,0,0,0,0,0,0,0
34166891111,0,R,682,0,0,0,0,0,0,0,0
34166891111,0,W,1024,0,0,0,0,0,0,0,0
34166891112,0,R,683,0,0,0,0,0,0,0,0
34166891112,0,W,1024,0,0,0,0,0,0,0,0
34166891113,0,R,682,0,0,0,0,0,0,0,0
34166891113,0,W,1024,0,0,0,0,0,0,0,0
34166891114,0,R,683,0,0,0,0,0,0,0,0
34166891114,0,W,1024,0,0,0,0,0,0,0,0
34166891115,0,R,683,0,0,0,0,0,0,0,0
34166891115,0,W,1024,0,0,0,0,0,0,0,0
34166891116,0,R,682,0,0,0,0,0,0,0,0
34166891116,0,W,1024,0,0,0,0,0,0,0,0
34166891117,0,R,683,0,0,0,0,0,0,0,0
34166891117,0,W,1024,0,0,0,0,0,0,0,0
34166891118,0,R,682,0,0,0,0,0,0,0,0
34166891118,0,W,1024,0,0,0,0,0,0,0,0
34166891119,0,R,684,0,0,0,0,0,0,0,0
34166891119,0,W,1024,0,0,0,0,0,0,0,0
34166891120,0,R,682,0,0,0,0,0,0,0,0
34166891120,0,W,1024,0,0,0,0,0,0,0,0
34166891121,0,R,683,0,0,0,0,0,0,0,0
34166891121,0,W,1024,0,0,0,0,0,0,0,0
34166891122,0,R,682,0,0,0,0,0,0,0,0
34166891122,0,W,1024,0,0,0,0,0,0,0,0
34166891123,0,R,683,0,0,0,0,0,0,0,0
34166891123,0,W,1024,0,0,0,0,0,0,0,0
34166891124,0,R,683,0,0,0,0,0,0,0,0
34166891124,0,W,1024,0,0,0,0,0,0,0,0
34166891125,0,R,682,0,0,0,0,0,0,0,0
34166891125,0,W,1024,0,0,0,0,0,0,0,0
34166891126,0,R,683,0,0,0,0,0,0,0,0
34166891126,0,W,1024,0,0,0,0,0,0,0,0
34166891127,0,R,682,0,0,0,0,0,0,0,0
34166891127,0,W,1024,0,0,0,0,0,0,0,0
34166891128,0,R,684,0,0,0,0,0,0,0,0
34166891128,0,W,1024,0,0,0,0,0,0,0,0
34166891129,0,R,682,0,0,0,0,0,0,0,0
34166891129,0,W,1024,0,0,0,0,0,0,0,0
34166891130,0,R,683,0,0,0,0,0,0,0,0
34166891130,0,W,1024,0,0,0,0,0,0,0,0
34166891131,0,R,682,0,0,0,0,0,0,0,0
34166891131,0,W,1024,0,0,0,0,0,0,0,0
34166891132,0,R,683,0,0,0,0,0,0,0,0
34166891132,0,W,1024,0,0,0,0,0,0,0,0
34166891133,0,R,683,0,0,0,0,0,0,0,0
34166891133,0,W,1024,0,0,0,0,0,0,0,0
34166891134,0,R,682,0,0,0,0,0,0,0,0
34166891134,0,W,1024,0,0,0,0,0,0,0,0
34166891135,0,R,683,0,0,0,0,0,0,0,0
34166891135,0,W,1024,0,0,0,0,0,0,0,0
34166891136,0,R,682,0,0,0,0,0,0,0,0
34166891136,0,W,1024,0,0,0,0,0,0,0,0
34166891137,0,R,684,0,0,0,0,0,0,0,0
34166891137,0,W,1024,0,0,0,0,0,0,0,0
34166891138,0,R,682,0,0,0,0,0,0,0,0
34166891138,0,W,1024,0,0,0,0,0,0,0,0
34166891139,0,R,683,0,0,0,0,0,0,0,0
34166891139,0,W,1024,0,0,0,0,0,0,0,0
34166891140,0,R,682,0,0,0,0,0,0,0,0
34166891140,0,W,1024,0,0,0,0,0,0,0,0
34166891141,0,R,683,0,0,0,0,0,0,0,0
34166891141,0,W,1024,0,0,0,0,0,0,0,0
34166891142,0,R,683,0,0,0,0,0,0,0,0
34166891142,0,W,1024,0,0,0,0,0,0,0,0
34166891143,0,R,682,0,0,0,0,0,0,0,0
34166891143,0,W,1024,0,0,0,0,0,0,0,0
34166891144,0,R,683,0,0,0,0,0,0,0,0
34166891144,0,W,1024,0,0,0,0,0,0,0,0
34166891145,0,R,682,0,0,0,0,0,0,0,0
34166891145,0,W,1024,0,0,0,0,0,0,0,0
34166891146,0,R,684,0,0,0,0,0,0,0,0
34166891146,0,W,1024,0,0,0,0,0,0,0,0
34166891147,0,R,682,0,0,0,0,0,0,0,0
34166891147,0,W,1024,0,0,0,0,0,0,0,0
34166891148,0,R,683,0,0,0,0,0,0,0,0
34166891148,0,W,1024,0,0,0,0,0,0,0,0
34166891149,0,R,682,0,0,0,0,0,0,0,0
34166891149,0,W,1024,0,0,0,0,0,0,0,0
34166891150,0,R,683,0,0,0,0,0,0,0,0
34166891150,0,W,1024,0,0,0,0,0,0,0,0
34166891151,0,R,683,0,0,0,0,0,0,0,0
34166891151,0,W,1024,0,0,0,0,0,0,0,0
34166891152,0,R,682,0,0,0,0,0,0,0,0
34166891152,0,W,1024,0,0,0,0,0,0,0,0
34166891153,0,R,683,0,0,0,0,0,0,0,0
34166891153,0,W,1024,0,0,0,0,0,0,0,0
34166891154,0,R,682,0,0,0,0,0,0,0,0
34166891154,0,W,1024,0,0,0,0,0,0,0,0
34166891155,0,R,684,0,0,0,0,0,0,0,0
34166891155,0,W,1024,0,0,0,0,0,0,0,0
34166891156,0,R,682,0,0,0,0,0,0,0,0
34166891156,0,W,1024,0,0,0,0,0,0,0,0
34166891157,0,R,683,0,0,0,0,0,0,0,0
34166891157,0,W,1024,0,0,0,0,0,0,0,0
34166891158,0,R,682,0,0,0,0,0,0,0,0
34166891158,0,W,1024,0,0,0,0,0,0,0,0
34166891159,0,R,683,0,0,0,0,0,0,0,0
34166891159,0,W,1024,0,0,0,0,0,0,0,0
34166891160,0,R,683,0,0,0,0,0,0,0,0
34166891160,0,W,1024,0,0,0,0,0,0,0,0
34166891161,0,R,682,0,0,0,0,0,0,0,0
34166891161,0,W,1024,0,0,0,0,0,0,0,0
34166891162,0,R,683,0,0,0,0,0,0,0,0
34166891162,0,W,1024,0,0,0,0,0,0,0,0
34166891163,0,R,682,0,0,0,0,0,0,0,0
34166891163,0,W,1024,0,0,0,0,0,0,0,0
34166891164,0,R,684,0,0,0,0,0,0,0,0
34166891164,0,W,1024,0,0,0,0,0,0,0,0
34166891165,0,R,682,0,0,0,0,0,0,0,0
34166891165,0,W,1024,0,0,0,0,0,0,0,0
34166891166,0,R,683,0,0,0,0,0,0,0,0
34166891166,0,W,1024,0,0,0,0,0,0,0,0
34166891167,0,R,682,0,0,0,0,0,0,0,0
34166891167,0,W,1024,0,0,0,0,0,0,0,0
34166891168,0,R,683,0,0,0,0,0,0,0,0
34166891168,0,W,1024,0,0,0,0,0,0,0,0
34166891169,0,R,683,0,0,0,0,0,0,0,0
34166891169,0,W,1024,0,0,0,0,0,0,0,0
34166891170,0,R,682,0,0,0,0,0,0,0,0
34166891170,0,W,1024,0,0,0,0,0,0,0,0
34166891171,0,R,683,0,0,0,0,0,0,0,0
34166891171,0,W,1024,0,0,0,0,0,0,0,0
34166891172,0,R,682,0,0,0,0,0,0,0,0
34166891172,0,W,1024,0,0,0,0,0,0,0,0
34166891173,0,R,684,0,0,0,0,0,0,0,0
34166891173,0,W,1024,0,0,0,0,0,0,0,0
34166891174,0,R,682,0,0,0,0,0,0,0,0
34166891174,0,W,1024,0,0,0,0,0,0,0,0
34166891175,0,R,683,0,0,0,0,0,0,0,0
34166891175,0,W,1024,0,0,0,0,0,0,0,0
34166891176,0,R,682,0,0,0,0,0,0,0,0
34166891176,0,W,1024,0,0,0,0,0,0,0,0
34166891177,0,R,683,0,0,0,0,0,0,0,0
34166891177,0,W,1024,0,0,0,0,0,0,0,0
34166891178,0,R,683,0,0,0,0,0,0,0,0
34166891178,0,W,1024,0,0,0,0,0,0,0,0
34166891179,0,R,682,0,0,0,0,0,0,0,0
34166891179,0,W,1024,0,0,0,0,0,0,0,0
34166891180,0,R,683,0,0,0,0,0,0,0,0
34166891180,0,W,1024,0,0,0,0,0,0,0,0
34166891181,0,R,682,0,0,0,0,0,0,0,0
34166891181,0,W,1024,0,0,0,0,0,0,0,0
34166891182,0,R,684,0,0,0,0,0,0,0,0
34166891182,0,W,1024,0,0,0,0,0,0,0,0
34166891183,0,R,682,0,0,0,0,0,0,0,0
34166891183,0,W,1024,0,0,0,0,0,0,0,0
34166891184,0,R,683,0,0,0,0,0,0,0,0
34166891184,0,W,1024,0,0,0,0,0,0,0,0
34166891185,0,R,682,0,0,0,0,0,0,0,0
34166891185,0,W,1024,0,0,0,0,0,0,0,0
34166891186,0,R,683,0,0,0,0,0,0,0,0
34166891186,0,W,1024,0,0,0,0,0,0,0,0
34166891187,0,R,683,0,0,0,0,0,0,0,0
34166891187,0,W,1024,0,0,0,0,0,0,0,0
34166891188,0,R,682,0,0,0,0,0,0,0,0
34166891188,0,W,1024,0,0,0,0,0,0,0,0
34166891189,0,R,683,0,0,0,0,0,0,0,0
34166891189,0,W,1024,0,0,0,0,0,0,0,0
34166891190,0,R,682,0,0,0,0,0,0,0,0
34166891190,0,W,1024,0,0,0,0,0,0,0,0
34166891191,0,R,684,0,0,0,0,0,0,0,0
34166891191,0,W,1024,0,0,0,0,0,0,0,0
34166891192,0,R,682,0,0,0,0,0,0,0,0
34166891192,0,W,1024,0,0,0,0,0,0,0,0
34166891193,0,R,683,0,0,0,0,0,0,0,0
34166891193,0,W,1024,0,0,0,0,0,0,0,0
34166891194,0,R,682,0,0,0,0,0,0,0,0
34166891194,0,W,1024,0,0,0,0,0,0,0,0
34166891195,0,R,683,0,0,0,0,0,0,0,0
34166891195,0,W,1024,0,0,0,0,0,0,0,0
34166891196,0,R,683,0,0,0,0,0,0,0,0
34166891196,0,W,1024,0,0,0,0,0,0,0,0
34166891197,0,R,682,0,0,0,0,0,0,0,0
34166891197,0,W,1024,0,0,0,0,0,0,0,0
34166891198,0,R,683,0,0,0,0,0,0,0,0
34166891198,0,W,1024,0,0,0,0,0,0,0,0
34166891199,0,R,682,0,0,0,0,0,0,0,0
34166891199,0,W,1024,0,0,0,0,0,0,0,0
34166891200,0,R,684,0,0,0,0,0,0,0,0
34166891200,0,W,1024,0,0,0,0,0,0,0,0
34166891201,0,R,682,0,0,0,0,0,0,0,0
34166891201,0,W,1024,0,0,0,0,0,0,0,0
34166891202,0,R,683,0,0,0,0,0,0,0,0
34166891202,0,W,1024,0,0,0,0,0,0,0,0
34166891203,0,R,682,0,0,0,0,0,0,0,0
34166891203,0,W,1024,0,0,0,0,0,0,0,0
34166891204,0,R,683,0,0,0,0,0,0,0,0
34166891204,0,W,1024,0,0,0,0,0,0,0,0
34166891205,0,R,683,0,0,0,0,0,0,0,0
34166891205,0,W,1024,0,0,0,0,0,0,0,0
34166891206,0,R,682,0,0,0,0,0,0,0,0
34166891206,0,W,1024,0,0,0,0,0,0,0,0
34166891207,0,R,683,0,0,0,0,0,0,0,0
34166891207,0,W,1024,0,0,0,0,0,0,0,0
34166891208,0,R,682,0,0,0,0,0,0,0,0
34166891208,0,W,1024,0,0,0,0,0,0,0,0
34166891209,0,R,684,0,0,0,0,0,0,0,0
34166891209,0,W,1024,0,0,0,0,0,0,0,0
34166891210,0,R,682,0,0,0,0,0,0,0,0
34166891210,0,W,1024,0,0,0,0,0,0,0,0
34166891211,0,R,683,0,0,0,0,0,0,0,0
34166891211,0,W,1024,0,0,0,0,0,0,0,0
34166891212,0,R,682,0,0,0,0,0,0,0,0
34166891212,0,W,1024,0,0,0,0,0,0,0,0
34166891213,0,R,683,0,0,0,0,0,0,0,0
34166891213,0,W,1024,0,0,0,0,0,0,0,0
34166891214,0,R,683,0,0,0,0,0,0,0,0
34166891214,0,W,1024,0,0,0,0,0,0,0,0
34166891215,0,R,682,0,0,0,0,0,0,0,0
34166891215,0,W,1024,0,0,0,0,0,0,0,0
34166891216,0,R,683,0,0,0,0,0,0,0,0
34166891216,0,W,1024,0,0,0,0,0,0,0,0
34166891217,0,R,682,0,0,0,0,0,0,0,0
34166891217,0,W,1024,0,0,0,0,0,0,0,0
34166891218,0,R,684,0,0,0,0,0,0,0,0
34166891218,0,W,1024,0,0,0,0,0,0,0,0
34166891219,0,R,682,0,0,0,0,0,0,0,0
34166891219,0,W,1024,0,0,0,0,0,0,0,0
34166891220,0,R,683,0,0,0,0,0,0,0,0
34166891220,0,W,1024,0,0,0,0,0,0,0,0
34166891221,0,R,682,0,0,0,0,0,0,0,0
34166891221,0,W,1024,0,0,0,0,0,0,0,0
34166891222,0,R,683,0,0,0,0,0,0,0,0
34166891222,0,W,1024,0,0,0,0,0,0,0,0
34166891223,0,R,683,0,0,0,0,0,0,0,0
34166891223,0,W,1024,0,0,0,0,0,0,0,0
34166891224,0,R,682,0,0,0,0,0,0,0,0
34166891224,0,W,1024,0,0,0,0,0,0,0,0
34166891225,0,R,683,0,0,0,0,0,0,0,0
34166891225,0,W,1024,0,0,0,0,0,0,0,0
34166891226,0,R,682,0,0,0,0,0,0,0,0
34166891226,0,W,1024,0,0,0,0,0,0,0,0
34166891227,0,R,684,0,0,0,0,0,0,0,0
34166891227,0,W,1024,0,0,0,0,0,0,0,0
34166891228,0,R,682,0,0,0,0,0,0,0,0
34166891228,0,W,1024,0,0,0,0,0,0,0,0
34166891229,0,R,683,0,0,0,0,0,0,0,0
34166891229,0,W,1024,0,0,0,0,0,0,0,0
34166891230,0,R,682,0,0,0,0,0,0,0,0
34166891230,0,W,1024,0,0,0,0,0,0,0,0
34166891231,0,R,683,0,0,0,0,0,0,0,0
34166891231,0,W,1024,0,0,0,0,0,0,0,0
34166891232,0,R,683,0,0,0,0,0,0,0,0
34166891232,0,W,1024,0,0,0,0,0,0,0,0
34166891233,0,R,682,0,0,0,0,0,0,0,0
34166891233,0,W,1024,0,0,0,0,0,0,0,0
34166891234,0,R,683,0,0,0,0,0,0,0,0
34166891234,0,W,1024,0,0,0,0,0,0,0,0
34166891235,0,R,682,0,0,0,0,0,0,0,0
34166891235,0,W,1024,0,0,0,0,0,0,0,0
34166891236,0,R,684,0,0,0,0,0,0,0,0
34166891236,0,W,1024,0,0,0,0,0,0,0,0
34166891237,0,R,682,0,0,0,0,0,0,0,0
34166891237,0,W,1024,0,0,0,0,0,0,0,0
34166891238,0,R,683,0,0,0,0,0,0,0,0
34166891238,0,W,1024,0,0,0,0,0,0,0,0
34166891239,0,R,682,0,0,0,0,0,0,0,0
34166891239,0,W,1024,0,0,0,0,0,0,0,0
34166891240,0,R,683,0,0,0,0,0,0,0,0
34166891240,0,W,1024,0,0,0,0,0,0,0,0
34166891241,0,R,683,0,0,0,0,0,0,0,0
34166891241,0,W,1024,0,0,0,0,0,0,0,0
34166891242,0,R,682,0,0,0,0,0,0,0,0
34166891242,0,W,1024,0,0,0,0,0,0,0,0
34166891243,0,R,683,0,0,0,0,0,0,0,0
34166891243,0,W,1024,0,0,0,0,0,0,0,0
34166891244,0,R,682,0,0,0,0,0,0,0,0
34166891244,0,W,1024,0,0,0,0,0,0,0,0
34166891245,0,R,684,0,0,0,0,0,0,0,0
34166891245,0,W,1024,0,0,0,0,0,0,0,0
34166891246,0,R,682,0,0,0,0,0,0,0,0
34166891246,0,W,1024,0,0,0,0,0,0,0,0
34166891247,0,R,683,0,0,0,0,0,0,0,0
34166891247,0,W,1024,0,0,0,0,0,0,0,0
34166891248,0,R,682,0,0,0,0,0,0,0,0
34166891248,0,W,1024,0,0,0,0,0,0,0,0
34166891249,0,R,683,0,0,0,0,0,0,0,0
34166891249,0,W,1024,0,0,0,0,0,0,0,0
34166891250,0,R,683,0,0,0,0,0,0,0,0
34166891250,0,W,1024,0,0,0,0,0,0,0,0
34166891251,0,R,682,0,0,0,0,0,0,0,0
34166891251,0,W,1024,0,0,0,0,0,0,0,0
34166891252,0,R,683,0,0,0,0,0,0,0,0
34166891252,0,W,1024,0,0,0,0,0,0,0,0
34166891253,0,R,682,0,0,0,0,0,0,0,0
34166891253,0,W,1024,0,0,0,0,0,0,0,0
34166891254,0,R,684,0,0,0,0,0,0,0,0
34166891254,0,W,1024,0,0,0,0,0,0,0,0
34166891255,0,R,682,0,0,0,0,0,0,0,0
34166891255,0,W,1024,0,0,0,0,0,0,0,0
34166891256,0,R,683,0,0,0,0,0,0,0,0
34166891256,0,W,1024,0,0,0,0,0,0,0,0
34166891257,0,R,682,0,0,0,0,0,0,0,0
34166891257,0,W,1024,0,0,0,0,0,0,0,0
34166891258,0,R,683,0,0,0,0,0,0,0,0
34166891258,0,W,1024,0,0,0,0,0,0,0,0
34166891259,0,R,683,0,0,0,0,0,0,0,0
34166891259,0,W,1024,0,0,0,0,0,0,0,0
34166891260,0,R,682,0,0,0,0,0,0,0,0
34166891260,0,W,1024,0,0,0,0,0,0,0,0
34166891261,0,R,683,0,0,0,0,0,0,0,0
34166891261,0,W,1024,0,0,0,0,0,0,0,0
34166891262,0,R,682,0,0,0,0,0,0,0,0
34166891262,0,W,1024,0,0,0,0,0,0,0,0
34166891263,0,R,684,0,0,0,0,0,0,0,0
34166891263,0,W,1024,0,0,0,0,0,0,0,0
34166891264,0,R,682,0,0,0,0,0,0,0,0
34166891264,0,W,1024,0,0,0,0,0,0,0,0
34166891265,0,R,683,0,0,0,0,0,0,0,0
34166891265,0,W,1024,0,0,0,0,0,0,0,0
34166891266,0,R,682,0,0,0,0,0,0,0,0
34166891266,0,W,1024,0,0,0,0,0,0,0,0
34166891267,0,R,683,0,0,0,0,0,0,0,0
34166891267,0,W,1024,0,0,0,0,0,0,0,0
34166891268,0,R,683,0,0,0,0,0,0,0,0
34166891268,0,W,1024,0,0,0,0,0,0,0,0
34166891269,0,R,682,0,0,0,0,0,0,0,0
34166891269,0,W,1024,0,0,0,0,0,0,0,0
34166891270,0,R,683,0,0,0,0,0,0,0,0
34166891270,0,W,1024,0,0,0,0,0,0,0,0
34166891271,0,R,682,0,0,0,0,0,0,0,0
34166891271,0,W,1024,0,0,0,0,0,0,0,0
34166891272,0,R,684,0,0,0,0,0,0,0,0
34166891272,0,W,1024,0,0,0,0,0,0,0,0
34166891273,0,R,682,0,0,0,0,0,0,0,0
34166891273,0,W,1024,0,0,0,0,0,0,0,0
34166891274,0,R,683,0,0,0,0,0,0,0,0
34166891274,0,W,1024,0,0,0,0,0,0,0,0
34166891275,0,R,682,0,0,0,0,0,0,0,0
34166891275,0,W,1024,0,0,0,0,0,0,0,0
34166891276,0,R,683,0,0,0,0,0,0,0,0
34166891276,0,W,1024,0,0,0,0,0,0,0,0
34166891277,0,R,683,0,0,0,0,0,0,0,0
34166891277,0,W,1024,0,0,0,0,0,0,0,0
34166891278,0,R,682,0,0,0,0,0,0,0,0
34166891278,0,W,1024,0,0,0,0,0,0,0,0
34166891279,0,R,683,0,0,0,0,0,0,0,0
34166891279,0,W,1024,0,0,0,0,0,0,0,0
34166891280,0,R,682,0,0,0,0,0,0,0,0
34166891280,0,W,1024,0,0,0,0,0,0,0,0
34166891281,0,R,684,0,0,0,0,0,0,0,0
34166891281,0,W,1024,0,0,0,0,0,0,0,0
34166891282,0,R,682,0,0,0,0,0,0,0,0
34166891282,0,W,1024,0,0,0,0,0,0,0,0
34166891283,0,R,683,0,0,0,0,0,0,0,0
34166891283,0,W,1024,0,0,0,0,0,0,0,0
34166891284,0,R,682,0,0,0,0,0,0,0,0
34166891284,0,W,1024,0,0,0,0,0,0,0,0
34166891285,0,R,683,0,0,0,0,0,0,0,0
34166891285,0,W,1024,0,0,0,0,0,0,0,0
34166891286,0,R,683,0,0,0,0,0,0,0,0
34166891286,0,W,1024,0,0,0,0,0,0,0,0
34166891287,0,R,682,0,0,0,0,0,0,0,0
34166891287,0,W,1024,0,0,0,0,0,0,0,0
34166891288,0,R,683,0,0,0,0,0,0,0,0
34166891288,0,W,1024,0,0,0,0,0,0,0,0
34166891289,0,R,682,0,0,0,0,0,0,0,0
34166891289,0,W,1024,0,0,0,0,0,0,0,0
34166891290,0,R,684,0,0,0,0,0,0,0,0
34166891290,0,W,1024,0,0,0,0,0,0,0,0
34166891291,0,R,682,0,0,0,0,0,0,0,0
34166891291,0,W,1024,0,0,0,0,0,0,0,0
34166891292,0,R,683,0,0,0,0,0,0,0,0
34166891292,0,W,1024,0,0,0,0,0,0,0,0
34166891293,0,R,682,0,0,0,0,0,0,0,0
34166891293,0,W,1024,0,0,0,0,0,0,0,0
34166891294,0,R,683,0,0,0,0,0,0,0,0
34166891294,0,W,1024,0,0,0,0,0,0,0,0
34166891295,0,R,683,0,0,0,0,0,0,0,0
34166891295,0,W,1024,0,0,0,0,0,0,0,0
34166891296,0,R,682,0,0,0,0,0,0,0,0
34166891296,0,W,1024,0,0,0,0,0,0,0,0
34166891297,0,R,683,0,0,0,0,0,0,0,0
34166891297,0,W,1024,0,0,0,0,0,0,0,0
34166891298,0,R,682,0,0,0,0,0,0,0,0
34166891298,0,W,1024,0,0,0,0,0,0,0,0
34166891299,0,R,684,0,0,0,0,0,0,0,0
34166891299,0,W,1024,0,0,0,0,0,0,0,0
34166891300,0,R,682,0,0,0,0,0,0,0,0
34166891300,0,W,1024,0,0,0,0,0,0,0,0
34166891301,0,R,683,0,0,0,0,0,0,0,0
34166891301,0,W,1024,0,0,0,0,0,0,0,0
34166891302,0,R,682,0,0,0,0,0,0,0,0
34166891302,0,W,1024,0,0,0,0,0,0,0,0
34166891303,0,R,683,0,0,0,0,0,0,0,0
34166891303,0,W,1024,0,0,0,0,0,0,0,0
34166891304,0,R,683,0,0,0,0,0,0,0,0
34166891304,0,W,1024,0,0,0,0,0,0,0,0
34166891305,0,R,682,0,0,0,0,0,0,0,0
34166891305,0,W,1024,0,0,0,0,0,0,0,0
34166891306,0,R,683,0,0,0,0,0,0,0,0
34166891306,0,W,1024,0,0,0,0,0,0,0,0
34166891307,0,R,682,0,0,0,0,0,0,0,0
34166891307,0,W,1024,0,0,0,0,0,0,0,0
34166891308,0,R,684,0,0,0,0,0,0,0,0
34166891308,0,W,1024,0,0,0,0,0,0,0,0
34166891309,0,R,682,0,0,0,0,0,0,0,0
34166891309,0,W,1024,0,0,0,0,0,0,0,0
34166891310,0,R,683,0,0,0,0,0,0,0,0
34166891310,0,W,1024,0,0,0,0,0,0,0,0
34166891311,0,R,682,0,0,0,0,0,0,0,0
34166891311,0,W,1024,0,0,0,0,0,0,0,0
34166891312,0,R,683,0,0,0,0,0,0,0,0
34166891312,0,W,1024,0,0,0,0,0,0,0,0
34166891313,0,R,683,0,0,0,0,0,0,0,0
34166891313,0,W,1024,0,0,0,0,0,0,0,0
34166891314,0,R,682,0,0,0,0,0,0,0,0
34166891314,0,W,1024,0,0,0,0,0,0,0,0
34166891315,0,R,683,0,0,0,0,0,0,0,0
34166891315,0,W,1024,0,0,0,0,0,0,0,0
34166891316,0,R,682,0,0,0,0,0,0,0,0
34166891316,0,W,1024,0,0,0,0,0,0,0,0
34166891317,0,R,684,0,0,0,0,0,0,0,0
34166891317,0,W,1024,0,0,0,0,0,0,0,0
34166891318,0,R,682,0,0,0,0,0,0,0,0
34166891318,0,W,1024,0,0,0,0,0,0,0,0
34166891319,0,R,683,0,0,0,0,0,0,0,0
34166891319,0,W,1024,0,0,0,0,0,0,0,0
34166891320,0,R,682,0,0,0,0,0,0,0,0
34166891320,0,W,1024,0,0,0,0,0,0,0,0
34166891321,0,R,683,0,0,0,0,0,0,0,0
34166891321,0,W,1024,0,0,0,0,0,0,0,0
34166891322,0,R,683,0,0,0,0,0,0,0,0
34166891322,0,W,1024,0,0,0,0,0,0,0,0
34166891323,0,R,682,0,0,0,0,0,0,0,0
34166891323,0,W,1024,0,0,0,0,0,0,0,0
34166891324,0,R,683,0,0,0,0,0,0,0,0
34166891324,0,W,1024,0,0,0,0,0,0,0,0
34166891325,0,R,682,0,0,0,0,0,0,0,0
34166891325,0,W,1024,0,0,0,0,0,0,0,0
34166891326,0,R,684,0,0,0,0,0,0,0,0
34166891326,0,W,1024,0,0,0,0,0,0,0,0
34166891327,0,R,682,0,0,0,0,0,0,0,0
34166891327,0,W,1024,0,0,0,0,0,0,0,0
34166891328,0,R,683,0,0,0,0,0,0,0,0
34166891328,0,W,1024,0,0,0,0,0,0,0,0
34166891329,0,R,682,0,0,0,0,0,0,0,0
34166891329,0,W,1024,0,0,0,0,0,0,0,0
34166891330,0,R,683,0,0,0,0,0,0,0,0
34166891330,0,W,1024,0,0,0,0,0,0,0,0
34166891331,0,R,683,0,0,0,0,0,0,0,0
34166891331,0,W,1024,0,0,0,0,0,0,0,0
34166891332,0,R,682,0,0,0,0,0,0,0,0
34166891332,0,W,1024,0,0,0,0,0,0,0,0
34166891333,0,R,683,0,0,0,0,0,0,0,0
34166891333,0,W,1024,0,0,0,0,0,0,0,0
34166891334,0,R,682,0,0,0,0,0,0,0,0
34166891334,0,W,1024,0,0,0,0,0,0,0,0
34166891335,0,R,684,0,0,0,0,0,0,0,0
34166891335,0,W,1024,0,0,0,0,0,0,0,0
34166891336,0,R,682,0,0,0,0,0,0,0,0
34166891336,0,W,1024,0,0,0,0,0,0,0,0
34166891337,0,R,683,0,0,0,0,0,0,0,0
34166891337,0,W,1024,0,0,0,0,0,0,0,0
34166891338,0,R,682,0,0,0,0,0,0,0,0
34166891338,0,W,1024,0,0,0,0,0,0,0,0
34166891339,0,R,683,0,0,0,0,0,0,0,0
34166891339,0,W,1024,0,0,0,0,0,0,0,0
34166891340,0,R,683,0,0,0,0,0,0,0,0
34166891340,0,W,1024,0,0,0,0,0,0,0,0
34166891341,0,R,682,0,0,0,0,0,0,0,0
34166891341,0,W,1024,0,0,0,0,0,0,0,0
34166891342,0,R,683,0,0,0,0,0,0,0,0
34166891342,0,W,1024,0,0,0,0,0,0,0,0
34166891343,0,R,682,0,0,0,0,0,0,0,0
34166891343,0,W,1024,0,0,0,0,0,0,0,0
34166891344,0,R,684,0,0,0,0,0,0,0,0
34166891344,0,W,1024,0,0,0,0,0,0,0,0
34166891345,0,R,682,0,0,0,0,0,0,0,0
34166891345,0,W,1024,0,0,0,0,0,0,0,0
34166891346,0,R,683,0,0,0,0,0,0,0,0
34166891346,0,W,1024,0,0,0,0,0,0,0,0
34166891347,0,R,682,0,0,0,0,0,0,0,0
34166891347,0,W,1024,0,0,0,0,0,0,0,0
34166891348,0,R,683,0,0,0,0,0,0,0,0
34166891348,0,W,1024,0,0,0,0,0,0,0,0
34166891349,0,R,683,0,0,0,0,0,0,0,0
34166891349,0,W,1024,0,0,0,0,0,0,0,0
34166891350,0,R,682,0,0,0,0,0,0,0,0
34166891350,0,W,1024,0,0,0,0,0,0,0,0
34166891351,0,R,683,0,0,0,0,0,0,0,0
34166891351,0,W,1024,0,0,0,0,0,0,0,0
34166891352,0,R,682,0,0,0,0,0,0,0,0
34166891352,0,W,1024,0,0,0,0,0,0,0,0
34166891353,0,R,684,0,0,0,0,0,0,0,0
34166891353,0,W,1024,0,0,0,0,0,0,0,0
34166891354,0,R,682,0,0,0,0,0,0,0,0
34166891354,0,W,1024,0,0,0,0,0,0,0,0
34166891355,0,R,683,0,0,0,0,0,0,0,0
34166891355,0,W,1024,0,0,0,0,0,0,0,0
34166891356,0,R,682,0,0,0,0,0,0,0,0
34166891356,0,W,1024,0,0,0,0,0,0,0,0
34166891357,0,R,683,0,0,0,0,0,0,0,0
34166891357,0,W,1024,0,0,0,0,0,0,0,0
34166891358,0,R,683,0,0,0,0,0,0,0,0
34166891358,0,W,1024,0,0,0,0,0,0,0,0
34166891359,0,R,682,0,0,0,0,0,0,0,0
34166891359,0,W,1024,0,0,0,0,0,0,0,0
34166891360,0,R,683,0,0,0,0,0,0,0,0
34166891360,0,W,1024,0,0,0,0,0,0,0,0
34166891361,0,R,682,0,0,0,0,0,0,0,0
34166891361,0,W,1024,0,0,0,0,0,0,0,0
34166891362,0,R,684,0,0,0,0,0,0,0,0
34166891362,0,W,1024,0,0,0,0,0,0,0,0
34166891363,0,R,682,0,0,0,0,0,0,0,0
34166891363,0,W,1024,0,0,0,0,0,0,0,0
34166891364,0,R,683,0,0,0,0,0,0,0,0
34166891364,0,W,1024,0,0,0,0,0,0,0,0
34166891365,0,R,682,0,0,0,0,0,0,0,0
34166891365,0,W,1024,0,0,0,0,0,0,0,0
34166891366,0,R,683,0,0,0,0,0,0,0,0
34166891366,0,W,1024,0,0,0,0,0,0,0,0
34166891367,0,R,683,0,0,0,0,0,0,0,0
34166891367,0,W,1024,0,0,0,0,0,0,0,0
34166891368,0,R,682,0,0,0,0,0,0,0,0
34166891368,0,W,1024,0,0,0,0,0,0,0,0
34166891369,0,R,683,0,0,0,0,0,0,0,0
34166891369,0,W,1024,0,0,0,0,0,0,0,0
34166891370,0,R,682,0,0,0,0,0,0,0,0
34166891370,0,W,1024,0,0,0,0,0,0,0,0
34166891371,0,R,684,0,0,0,0,0,0,0,0
34166891371,0,W,1024,0,0,0,0,0,0,0,0
34166891372,0,R,682,0,0,0,0,0,0,0,0
34166891372,0,W,1024,0,0,0,0,0,0,0,0
34166891373,0,R,683,0,0,0,0,0,0,0,0
34166891373,0,W,1024,0,0,0,0,0,0,0,0
34166891374,0,R,682,0,0,0,0,0,0,0,0
34166891374,0,W,1024,0,0,0,0,0,0,0,0
34166891375,0,R,683,0,0,0,0,0,0,0,0
34166891375,0,W,1024,0,0,0,0,0,0,0,0
34166891376,0,R,683,0,0,0,0,0,0,0,0
34166891376,0,W,1024,0,0,0,0,0,0,0,0
34166891377,0,R,682,0,0,0,0,0,0,0,0
34166891377,0,W,1024,0,0,0,0,0,0,0,0
34166891378,0,R,683,0,0,0,0,0,0,0,0
34166891378,0,W,1024,0,0,0,0,0,0,0,0
34166891379,0,R,682,0,0,0,0,0,0,0,0
34166891379,0,W,1024,0,0,0,0,0,0,0,0
34166891380,0,R,684,0,0,0,0,0,0,0,0
34166891380,0,W,1024,0,0,0,0,0,0,0,0
34166891381,0,R,682,0,0,0,0,0,0,0,0
34166891381,0,W,1024,0,0,0,0,0,0,0,0
34166891382,0,R,683,0,0,0,0,0,0,0,0
34166891382,0,W,1024,0,0,0,0,0,0,0,0
34166891383,0,R,682,0,0,0,0,0,0,0,0
34166891383,0,W,1024,0,0,0,0,0,0,0,0
34166891384,0,R,683,0,0,0,0,0,0,0,0
34166891384,0,W,1024,0,0,0,0,0,0,0,0
34166891385,0,R,683,0,0,0,0,0,0,0,0
34166891385,0,W,1024,0,0,0,0,0,0,0,0
34166891386,0,R,682,0,0,0,0,0,0,0,0
34166891386,0,W,1024,0,0,0,0,0,0,0,0
34166891387,0,R,683,0,0,0,0,0,0,0,0
34166891387,0,W,1024,0,0,0,0,0,0,0,0
34166891388,0,R,682,0,0,0,0,0,0,0,0
34166891388,0,W,1024,0,0,0,0,0,0,0,0
34166891389,0,R,684,0,0,0,0,0,0,0,0
34166891389,0,W,1024,0,0,0,0,0,0,0,0
34166891390,0,R,682,0,0,0,0,0,0,0,0
34166891390,0,W,1024,0,0,0,0,0,0,0,0
34166891391,0,R,683,0,0,0,0,0,0,0,0
34166891391,0,W,1024,0,0,0,0,0,0,0,0
34166891392,0,R,682,0,0,0,0,0,0,0,0
34166891392,0,W,1024,0,0,0,0,0,0,0,0
34166891393,0,R,683,0,0,0,0,0,0,0,0
34166891393,0,W,1024,0,0,0,0,0,0,0,0
34166891394,0,R,683,0,0,0,0,0,0,0,0
34166891394,0,W,1024,0,0,0,0,0,0,0,0
34166891395,0,R,682,0,0,0,0,0,0,0,0
34166891395,0,W,1024,0,0,0,0,0,0,0,0
34166891396,0,R,683,0,0,0,0,0,0,0,0
34166891396,0,W,1024,0,0,0,0,0,0,0,0
34166891397,0,R,682,0,0,0,0,0,0,0,0
34166891397,0,W,1024,0,0,0,0,0,0,0,0
34166891398,0,R,684,0,0,0,0,0,0,0,0
34166891398,0,W,1024,0,0,0,0,0,0,0,0
34166891399,0,R,682,0,0,0,0,0,0,0,0
34166891399,0,W,1024,0,0,0,0,0,0,0,0
34166891400,0,R,683,0,0,0,0,0,0,0,0
34166891400,0,W,1024,0,0,0,0,0,0,0,0
34166891401,0,R,682,0,0,0,0,0,0,0,0
34166891401,0,W,1024,0,0,0,0,0,0,0,0
34166891402,0,R,683,0,0,0,0,0,0,0,0
34166891402,0,W,1024,0,0,0,0,0,0,0,0
34166891403,0,R,683,0,0,0,0,0,0,0,0
34166891403,0,W,1024,0,0,0,0,0,0,0,0
34166891404,0,R,682,0,0,0,0,0,0,0,0
34166891404,0,W,1024,0,0,0,0,0,0,0,0
34166891405,0,R,683,0,0,0,0,0,0,0,0
34166891405,0,W,1024,0,0,0,0,0,0,0,0
34166891406,0,R,682,0,0,0,0,0,0,0,0
34166891406,0,W,1024,0,0,0,0,0,0,0,0
34166891407,0,R,684,0,0,0,0,0,0,0,0
34166891407,0,W,1024,0,0,0,0,0,0,0,0
34166891408,0,R,682,0,0,0,0,0,0,0,0
34166891408,0,W,1024,0,0,0,0,0,0,0,0
34166891409,0,R,683,0,0,0,0,0,0,0,0
34166891409,0,W,1024,0,0,0,0,0,0,0,0
34166891410,0,R,682,0,0,0,0,0,0,0,0
34166891410,0,W,1024,0,0,0,0,0,0,0,0
34166891411,0,R,683,0,0,0,0,0,0,0,0
34166891411,0,W,1024,0,0,0,0,0,0,0,0
34166891412,0,R,683,0,0,0,0,0,0,0,0
34166891412,0,W,1024,0,0,0,0,0,0,0,0
34166891413,0,R,682,0,0,0,0,0,0,0,0
34166891413,0,W,1024,0,0,0,0,0,0,0,0
34166891414,0,R,683,0,0,0,0,0,0,0,0
34166891414,0,W,1024,0,0,0,0,0,0,0,0
34166891415,0,R,682,0,0,0,0,0,0,0,0
34166891415,0,W,1024,0,0,0,0,0,0,0,0
34166891416,0,R,684,0,0,0,0,0,0,0,0
34166891416,0,W,1024,0,0,0,0,0,0,0,0
34166891417,0,R,682,0,0,0,0,0,0,0,0
34166891417,0,W,1024,0,0,0,0,0,0,0,0
34166891418,0,R,683,0,0,0,0,0,0,0,0
34166891418,0,W,1024,0,0,0,0,0,0,0,0
34166891419,0,R,682,0,0,0,0,0,0,0,0
34166891419,0,W,1024,0,0,0,0,0,0,0,0
34166891420,0,R,683,0,0,0,0,0,0,0,0
34166891420,0,W,1024,0,0,0,0,0,0,0,0
34166891421,0,R,683,0,0,0,0,0,0,0,0
34166891421,0,W,1024,0,0,0,0,0,0,0,0
34166891422,0,R,682,0,0,0,0,0,0,0,0
34166891422,0,W,1024,0,0,0,0,0,0,0,0
34166891423,0,R,683,0,0,0,0,0,0,0,0
34166891423,0,W,1024,0,0,0,0,0,0,0,0
34166891424,0,R,682,0,0,0,0,0,0,0,0
34166891424,0,W,1024,0,0,0,0,0,0,0,0
34166891425,0,R,684,0,0,0,0,0,0,0,0
34166891425,0,W,1024,0,0,0,0,0,0,0,0
34166891426,0,R,682,0,0,0,0,0,0,0,0
34166891426,0,W,1024,0,0,0,0,0,0,0,0
34166891427,0,R,683,0,0,0,0,0,0,0,0
34166891427,0,W,1024,0,0,0,0,0,0,0,0
34166891428,0,R,682,0,0,0,0,0,0,0,0
34166891428,0,W,1024,0,0,0,0,0,0,0,0
34166891429,0,R,683,0,0,0,0,0,0,0,0
34166891429,0,W,1024,0,0,0,0,0,0,0,0
34166891430,0,R,683,0,0,0,0,0,0,0,0
34166891430,0,W,1024,0,0,0,0,0,0,0,0
34166891431,0,R,682,0,0,0,0,0,0,0,0
34166891431,0,W,1024,0,0,0,0,0,0,0,0
34166891432,0,R,683,0,0,0,0,0,0,0,0
34166891432,0,W,1024,0,0,0,0,0,0,0,0
34166891433,0,R,682,0,0,0,0,0,0,0,0
34166891433,0,W,1024,0,0,0,0,0,0,0,0
34166891434,0,R,684,0,0,0,0,0,0,0,0
34166891434,0,W,1024,0,0,0,0,0,0,0,0
34166891435,0,R,682,0,0,0,0,0,0,0,0
34166891435,0,W,1024,0,0,0,0,0,0,0,0
34166891436,0,R,683,0,0,0,0,0,0,0,0
34166891436,0,W,1024,0,0,0,0,0,0,0,0
34166891437,0,R,682,0,0,0,0,0,0,0,0
34166891437,0,W,1024,0,0,0,0,0,0,0,0
34166891438,0,R,683,0,0,0,0,0,0,0,0
34166891438,0,W,1024,0,0,0,0,0,0,0,0
34166891439,0,R,683,0,0,0,0,0,0,0,0
34166891439,0,W,1024,0,0,0,0,0,0,0,0
34166891440,0,R,682,0,0,0,0,0,0,0,0
34166891440,0,W,1024,0,0,0,0,0,0,0,0
34166891441,0,R,683,0,0,0,0,0,0,0,0
34166891441,0,W,1024,0,0,0,0,0,0,0,0
34166891442,0,R,682,0,0,0,0,0,0,0,0
34166891442,0,W,1024,0,0,0,0,0,0,0,0
34166891443,0,R,684,0,0,0,0,0,0,0,0
34166891443,0,W,1024,0,0,0,0,0,0,0,0
34166891444,0,R,682,0,0,0,0,0,0,0,0
34166891444,0,W,1024,0,0,0,0,0,0,0,0
34166891445,0,R,683,0,0,0,0,0,0,0,0
34166891445,0,W,1024,0,0,0,0,0,0,0,0
34166891446,0,R,682,0,0,0,0,0,0,0,0
34166891446,0,W,1024,0,0,0,0,0,0,0,0
34166891447,0,R,683,0,0,0,0,0,0,0,0
34166891447,0,W,1024,0,0,0,0,0,0,0,0
34166891448,0,R,683,0,0,0,0,0,0,0,0
34166891448,0,W,1024,0,0,0,0,0,0,0,0
34166891449,0,R,682,0,0,0,0,0,0,0,0
34166891449,0,W,1024,0,0,0,0,0,0,0,0
34166891450,0,R,683,0,0,0,0,0,0,0,0
34166891450,0,W,1024,0,0,0,0,0,0,0,0
34166891451,0,R,682,0,0,0,0,0,0,0,0
34166891451,0,W,1024,0,0,0,0,0,0,0,0
34166891452,0,R,684,0,0,0,0,0,0,0,0
34166891452,0,W,1024,0,0,0,0,0,0,0,0
34166891453,0,R,682,0,0,0,0,0,0,0,0
34166891453,0,W,1024,0,0,0,0,0,0,0,0
34166891454,0,R,683,0,0,0,0,0,0,0,0
34166891454,0,W,1024,0,0,0,0,0,0,0,0
34166891455,0,R,682,0,0,0,0,0,0,0,0
34166891455,0,W,1024,0,0,0,0,0,0,0,0
34166891456,0,R,683,0,0,0,0,0,0,0,0
34166891456,0,W,1024,0,0,0,0,0,0,0,0
34166891457,0,R,683,0,0,0,0,0,0,0,0
34166891457,0,W,1024,0,0,0,0,0,0,0,0
34166891458,0,R,682,0,0,0,0,0,0,0,0
34166891458,0,W,1024,0,0,0,0,0,0,0,0
34166891459,0,R,683,0,0,0,0,0,0,0,0
34166891459,0,W,1024,0,0,0,0,0,0,0,0
34166891460,0,R,682,0,0,0,0,0,0,0,0
34166891460,0,W,1024,0,0,0,0,0,0,0,0
34166891461,0,R,684,0,0,0,0,0,0,0,0
34166891461,0,W,1024,0,0,0,0,0,0,0,0
34166891462,0,R,682,0,0,0,0,0,0,0,0
34166891462,0,W,1024,0,0,0,0,0,0,0,0
34166891463,0,R,683,0,0,0,0,0,0,0,0
34166891463,0,W,1024,0,0,0,0,0,0,0,0
34166891464,0,R,682,0,0,0,0,0,0,0,0
34166891464,0,W,1024,0,0,0,0,0,0,0,0
34166891465,0,R,683,0,0,0,0,0,0,0,0
34166891465,0,W,1024,0,0,0,0,0,0,0,0
34166891466,0,R,683,0,0,0,0,0,0,0,0
34166891466,0,W,1024,0,0,0,0,0,0,0,0
34166891467,0,R,682,0,0,0,0,0,0,0,0
34166891467,0,W,1024,0,0,0,0,0,0,0,0
34166891468,0,R,683,0,0,0,0,0,0,0,0
34166891468,0,W,1024,0,0,0,0,0,0,0,0
34166891469,0,R,682,0,0,0,0,0,0,0,0
34166891469,0,W,1024,0,0,0,0,0,0,0,0
34166891470,0,R,684,0,0,0,0,0,0,0,0
34166891470,0,W,1024,0,0,0,0,0,0,0,0
34166891471,0,R,682,0,0,0,0,0,0,0,0
34166891471,0,W,1024,0,0,0,0,0,0,0,0
34166891472,0,R,683,0,0,0,0,0,0,0,0
34166891472,0,W,1024,0,0,0,0,0,0,0,0
34166891473,0,R,682,0,0,0,0,0,0,0,0
34166891473,0,W,1024,0,0,0,0,0,0,0,0
34166891474,0,R,683,0,0,0,0,0,0,0,0
34166891474,0,W,1024,0,0,0,0,0,0,0,0
34166891475,0,R,683,0,0,0,0,0,0,0,0
34166891475,0,W,1024,0,0,0,0,0,0,0,0
34166891476,0,R,682,0,0,0,0,0,0,0,0
34166891476,0,W,1024,0,0,0,0,0,0,0,0
34166891477,0,R,683,0,0,0,0,0,0,0,0
34166891477,0,W,1024,0,0,0,0,0,0,0,0
34166891478,0,R,682,0,0,0,0,0,0,0,0
34166891478,0,W,1024,0,0,0,0,0,0,0,0
34166891479,0,R,684,0,0,0,0,0,0,0,0
34166891479,0,W,1024,0,0,0,0,0,0,0,0
34166891480,0,R,682,0,0,0,0,0,0,0,0
34166891480,0,W,1024,0,0,0,0,0,0,0,0
34166891481,0,R,683,0,0,0,0,0,0,0,0
34166891481,0,W,1024,0,0,0,0,0,0,0,0
34166891482,0,R,682,0,0,0,0,0,0,0,0
34166891482,0,W,1024,0,0,0,0,0,0,0,0
34166891483,0,R,683,0,0,0,0,0,0,0,0
34166891483,0,W,1024,0,0,0,0,0,0,0,0
34166891484,0,R,683,0,0,0,0,0,0,0,0
34166891484,0,W,1024,0,0,0,0,0,0,0,0
34166891485,0,R,682,0,0,0,0,0,0,0,0
34166891485,0,W,1024,0,0,0,0,0,0,0,0
34166891486,0,R,683,0,0,0,0,0,0,0,0
34166891486,0,W,1024,0,0,0,0,0,0,0,0
34166891487,0,R,682,0,0,0,0,0,0,0,0
34166891487,0,W,1024,0,0,0,0,0,0,0,0
34166891488,0,R,684,0,0,0,0,0,0,0,0
34166891488,0,W,1024,0,0,0,0,0,0,0,0
34166891489,0,R,682,0,0,0,0,0,0,0,0
34166891489,0,W,1024,0,0,0,0,0,0,0,0
34166891490,0,R,683,0,0,0,0,0,0,0,0
34166891490,0,W,1024,0,0,0,0,0,0,0,0
34166891491,0,R,682,0,0,0,0,0,0,0,0
34166891491,0,W,1024,0,0,0,0,0,0,0,0
34166891492,0,R,683,0,0,0,0,0,0,0,0
34166891492,0,W,1024,0,0,0,0,0,0,0,0
34166891493,0,R,683,0,0,0,0,0,0,0,0
34166891493,0,W,1024,0,0,0,0,0,0,0,0
34166891494,0,R,682,0,0,0,0,0,0,0,0
34166891494,0,W,1024,0,0,0,0,0,0,0,0
34166891495,0,R,683,0,0,0,0,0,0,0,0
34166891495,0,W,1024,0,0,0,0,0,0,0,0
34166891496,0,R,682,0,0,0,0,0,0,0,0
34166891496,0,W,1024,0,0,0,0,0,0,0,0
34166891497,0,R,684,0,0,0,0,0,0,0,0
34166891497,0,W,1024,0,0,0,0,0,0,0,0
34166891498,0,R,682,0,0,0,0,0,0,0,0
34166891498,0,W,1024,0,0,0,0,0,0,0,0
34166891499,0,R,683,0,0,0,0,0,0,0,0
34166891499,0,W,1024,0,0,0,0,0,0,0,0
34166891500,0,R,682,0,0,0,0,0,0,0,0
34166891500,0,W,1024,0,0,0,0,0,0,0,0
34166891501,0,R,683,0,0,0,0,0,0,0,0
34166891501,0,W,1024,0,0,0,0,0,0,0,0
34166891502,0,R,683,0,0,0,0,0,0,0,0
34166891502,0,W,1024,0,0,0,0,0,0,0,0
34166891503,0,R,682,0,0,0,0,0,0,0,0
34166891503,0,W,1024,0,0,0,0,0,0,0,0
34166891504,0,R,683,0,0,0,0,0,0,0,0
34166891504,0,W,1024,0,0,0,0,0,0,0,0
34166891505,0,R,682,0,0,0,0,0,0,0,0
34166891505,0,W,1024,0,0,0,0,0,0,0,0
34166891506,0,R,684,0,0,0,0,0,0,0,0
34166891506,0,W,1024,0,0,0,0,0,0,0,0
34166891507,0,R,682,0,0,0,0,0,0,0,0
34166891507,0,W,1024,0,0,0,0,0,0,0,0
34166891508,0,R,683,0,0,0,0,0,0,0,0
34166891508,0,W,1024,0,0,0,0,0,0,0,0
34166891509,0,R,682,0,0,0,0,0,0,0,0
34166891509,0,W,1024,0,0,0,0,0,0,0,0
34166891510,0,R,683,0,0,0,0,0,0,0,0
34166891510,0,W,1024,0,0,0,0,0,0,0,0
34166891511,0,R,683,0,0,0,0,0,0,0,0
34166891511,0,W,1024,0,0,0,0,0,0,0,0
34166891512,0,R,682,0,0,0,0,0,0,0,0
34166891512,0,W,1024,0,0,0,0,0,0,0,0
34166891513,0,R,683,0,0,0,0,0,0,0,0
34166891513,0,W,1024,0,0,0,0,0,0,0,0
34166891514,0,R,682,0,0,0,0,0,0,0,0
34166891514,0,W,1024,0,0,0,0,0,0,0,0
34166891515,0,R,684,0,0,0,0,0,0,0,0
34166891515,0,W,1024,0,0,0,0,0,0,0,0
34166891516,0,R,682,0,0,0,0,0,0,0,0
34166891516,0,W,1024,0,0,0,0,0,0,0,0
34166891517,0,R,683,0,0,0,0,0,0,0,0
34166891517,0,W,1024,0,0,0,0,0,0,0,0
34166891518,0,R,682,0,0,0,0,0,0,0,0
34166891518,0,W,1024,0,0,0,0,0,0,0,0
34166891519,0,R,683,0,0,0,0,0,0,0,0
34166891519,0,W,1024,0,0,0,0,0,0,0,0
34166891520,0,R,683,0,0,0,0,0,0,0,0
34166891520,0,W,1024,0,0,0,0,0,0,0,0
34166891521,0,R,682,0,0,0,0,0,0,0,0
34166891521,0,W,1024,0,0,0,0,0,0,0,0
34166891522,0,R,683,0,0,0,0,0,0,0,0
34166891522,0,W,1024,0,0,0,0,0,0,0,0
34166891523,0,R,682,0,0,0,0,0,0,0,0
34166891523,0,W,1024,0,0,0,0,0,0,0,0
34166891524,0,R,684,0,0,0,0,0,0,0,0
34166891524,0,W,1024,0,0,0,0,0,0,0,0
34166891525,0,R,682,0,0,0,0,0,0,0,0
34166891525,0,W,1024,0,0,0,0,0,0,0,0
34166891526,0,R,683,0,0,0,0,0,0,0,0
34166891526,0,W,1024,0,0,0,0,0,0,0,0
34166891527,0,R,682,0,0,0,0,0,0,0,0
34166891527,0,W,1024,0,0,0,0,0,0,0,0
34166891528,0,R,683,0,0,0,0,0,0,0,0
34166891528,0,W,1024,0,0,0,0,0,0,0,0
34166891529,0,R,683,0,0,0,0,0,0,0,0
34166891529,0,W,1024,0,0,0,0,0,0,0,0
34166891530,0,R,682,0,0,0,0,0,0,0,0
34166891530,0,W,1024,0,0,0,0,0,0,0,0
34166891531,0,R,683,0,0,0,0,0,0,0,0
34166891531,0,W,1024,0,0,0,0,0,0,0,0
34166891532,0,R,682,0,0,0,0,0,0,0,0
34166891532,0,W,1024,0,0,0,0,0,0,0,0
34166891533,0,R,684,0,0,0,0,0,0,0,0
34166891533,0,W,1024,0,0,0,0,0,0,0,0
34166891534,0,R,682,0,0,0,0,0,0,0,0
34166891534,0,W,1024,0,0,0,0,0,0,0,0
34166891535,0,R,683,0,0,0,0,0,0,0,0
34166891535,0,W,1024,0,0,0,0,0,0,0,0
34166891536,0,R,682,0,0,0,0,0,0,0,0
34166891536,0,W,1024,0,0,0,0,0,0,0,0
34166891537,0,R,683,0,0,0,0,0,0,0,0
34166891537,0,W,1024,0,0,0,0,0,0,0,0
34166891538,0,R,683,0,0,0,0,0,0,0,0
34166891538,0,W,1024,0,0,0,0,0,0,0,0
34166891539,0,R,682,0,0,0,0,0,0,0,0
34166891539,0,W,1024,0,0,0,0,0,0,0,0
34166891540,0,R,683,0,0,0,0,0,0,0,0
34166891540,0,W,1024,0,0,0,0,0,0,0,0
34166891541,0,R,682,0,0,0,0,0,0,0,0
34166891541,0,W,1024,0,0,0,0,0,0,0,0
34166891542,0,R,684,0,0,0,0,0,0,0,0
34166891542,0,W,1024,0,0,0,0,0,0,0,0
34166891543,0,R,682,0,0,0,0,0,0,0,0
34166891543,0,W,1024,0,0,0,0,0,0,0,0
34166891544,0,R,683,0,0,0,0,0,0,0,0
34166891544,0,W,1024,0,0,0,0,0,0,0,0
34166891545,0,R,682,0,0,0,0,0,0,0,0
34166891545,0,W,1024,0,0,0,0,0,0,0,0
34166891546,0,R,683,0,0,0,0,0,0,0,0
34166891546,0,W,1024,0,0,0,0,0,0,0,0
34166891547,0,R,683,0,0,0,0,0,0,0,0
34166891547,0,W,1024,0,0,0,0,0,0,0,0
34166891548,0,R,682,0,0,0,0,0,0,0,0
34166891548,0,W,1024,0,0,0,0,0,0,0,0
34166891549,0,R,683,0,0,0,0,0,0,0,0
34166891549,0,W,1024,0,0,0,0,0,0,0,0
34166891550,0,R,682,0,0,0,0,0,0,0,0
34166891550,0,W,1024,0,0,0,0,0,0,0,0
34166891551,0,R,684,0,0,0,0,0,0,0,0
34166891551,0,W,1024,0,0,0,0,0,0,0,0
34166891552,0,R,682,0,0,0,0,0,0,0,0
34166891552,0,W,1024,0,0,0,0,0,0,0,0
34166891553,0,R,683,0,0,0,0,0,0,0,0
34166891553,0,W,1024,0,0,0,0,0,0,0,0
34166891554,0,R,682,0,0,0,0,0,0,0,0
34166891554,0,W,1024,0,0,0,0,0,0,0,0
34166891555,0,R,683,0,0,0,0,0,0,0,0
34166891555,0,W,1024,0,0,0,0,0,0,0,0
34166891556,0,R,683,0,0,0,0,0,0,0,0
34166891556,0,W,1024,0,0,0,0,0,0,0,0
34166891557,0,R,682,0,0,0,0,0,0,0,0
34166891557,0,W,1024,0,0,0,0,0,0,0,0
34166891558,0,R,683,0,0,0,0,0,0,0,0
34166891558,0,W,1024,0,0,0,0,0,0,0,0
34166891559,0,R,682,0,0,0,0,0,0,0,0
34166891559,0,W,1024,0,0,0,0,0,0,0,0
34166891560,0,R,684,0,0,0,0,0,0,0,0
34166891560,0,W,1024,0,0,0,0,0,0,0,0
34166891561,0,R,682,0,0,0,0,0,0,0,0
34166891561,0,W,1024,0,0,0,0,0,0,0,0
34166891562,0,R,683,0,0,0,0,0,0,0,0
34166891562,0,W,1024,0,0,0,0,0,0,0,0
34166891563,0,R,682,0,0,0,0,0,0,0,0
34166891563,0,W,1024,0,0,0,0,0,0,0,0
34166891564,0,R,683,0,0,0,0,0,0,0,0
34166891564,0,W,1024,0,0,0,0,0,0,0,0
34166891565,0,R,683,0,0,0,0,0,0,0,0
34166891565,0,W,1024,0,0,0,0,0,0,0,0
34166891566,0,R,682,0,0,0,0,0,0,0,0
34166891566,0,W,1024,0,0,0,0,0,0,0,0
34166891567,0,R,683,0,0,0,0,0,0,0,0
34166891567,0,W,1024,0,0,0,0,0,0,0,0
34166891568,0,R,682,0,0,0,0,0,0,0,0
34166891568,0,W,1024,0,0,0,0,0,0,0,0
34166891569,0,R,684,0,0,0,0,0,0,0,0
34166891569,0,W,1024,0,0,0,0,0,0,0,0
34166891570,0,R,682,0,0,0,0,0,0,0,0
34166891570,0,W,1024,0,0,0,0,0,0,0,0
34166891571,0,R,683,0,0,0,0,0,0,0,0
34166891571,0,W,1024,0,0,0,0,0,0,0,0
34166891572,0,R,682,0,0,0,0,0,0,0,0
34166891572,0,W,1024,0,0,0,0,0,0,0,0
34166891573,0,R,683,0,0,0,0,0,0,0,0
34166891573,0,W,1024,0,0,0,0,0,0,0,0
34166891574,0,R,683,0,0,0,0,0,0,0,0
34166891574,0,W,1024,0,0,0,0,0,0,0,0
34166891575,0,R,682,0,0,0,0,0,0,0,0
34166891575,0,W,1024,0,0,0,0,0,0,0,0
34166891576,0,R,683,0,0,0,0,0,0,0,0
34166891576,0,W,1024,0,0,0,0,0,0,0,0
34166891577,0,R,682,0,0,0,0,0,0,0,0
34166891577,0,W,1024,0,0,0,0,0,0,0,0
34166891578,0,R,684,0,0,0,0,0,0,0,0
34166891578,0,W,1024,0,0,0,0,0,0,0,0
34166891579,0,R,682,0,0,0,0,0,0,0,0
34166891579,0,W,1024,0,0,0,0,0,0,0,0
34166891580,0,R,683,0,0,0,0,0,0,0,0
34166891580,0,W,1024,0,0,0,0,0,0,0,0
34166891581,0,R,682,0,0,0,0,0,0,0,0
34166891581,0,W,1024,0,0,0,0,0,0,0,0
34166891582,0,R,683,0,0,0,0,0,0,0,0
34166891582,0,W,1024,0,0,0,0,0,0,0,0
34166891583,0,R,683,0,0,0,0,0,0,0,0
34166891583,0,W,1024,0,0,0,0,0,0,0,0
34166891584,0,R,682,0,0,0,0,0,0,0,0
34166891584,0,W,1024,0,0,0,0,0,0,0,0
34166891585,0,R,683,0,0,0,0,0,0,0,0
34166891585,0,W,1024,0,0,0,0,0,0,0,0
34166891586,0,R,682,0,0,0,0,0,0,0,0
34166891586,0,W,1024,0,0,0,0,0,0,0,0
34166891587,0,R,684,0,0,0,0,0,0,0,0
34166891587,0,W,1024,0,0,0,0,0,0,0,0
34166891588,0,R,682,0,0,0,0,0,0,0,0
34166891588,0,W,1024,0,0,0,0,0,0,0,0
34166891589,0,R,683,0,0,0,0,0,0,0,0
34166891589,0,W,1024,0,0,0,0,0,0,0,0
34166891590,0,R,682,0,0,0,0,0,0,0,0
34166891590,0,W,1024,0,0,0,0,0,0,0,0
34166891591,0,R,683,0,0,0,0,0,0,0,0
34166891591,0,W,1024,0,0,0,0,0,0,0,0
34166891592,0,R,683,0,0,0,0,0,0,0,0
34166891592,0,W,1024,0,0,0,0,0,0,0,0
34166891593,0,R,682,0,0,0,0,0,0,0,0
34166891593,0,W,1024,0,0,0,0,0,0,0,0
34166891594,0,R,683,0,0,0,0,0,0,0,0
34166891594,0,W,1024,0,0,0,0,0,0,0,0
34166891595,0,R,682,0,0,0,0,0,0,0,0
34166891595,0,W,1024,0,0,0,0,0,0,0,0
34166891596,0,R,684,0,0,0,0,0,0,0,0
34166891596,0,W,1024,0,0,0,0,0,0,0,0
34166891597,0,R,682,0,0,0,0,0,0,0,0
34166891597,0,W,1024,0,0,0,0,0,0,0,0
34166891598,0,R,683,0,0,0,0,0,0,0,0
34166891598,0,W,1024,0,0,0,0,0,0,0,0
34166891599,0,R,682,0,0,0,0,0,0,0,0
34166891599,0,W,1024,0,0,0,0,0,0,0,0
34166891600,0,R,683,0,0,0,0,0,0,0,0
34166891600,0,W,1024,0,0,0,0,0,0,0,0
34166891601,0,R,683,0,0,0,0,0,0,0,0
34166891601,0,W,1024,0,0,0,0,0,0,0,0
34166891602,0,R,682,0,0,0,0,0,0,0,0
34166891602,0,W,1024,0,0,0,0,0,0,0,0
34166891603,0,R,683,0,0,0,0,0,0,0,0
34166891603,0,W,1024,0,0,0,0,0,0,0,0
34166891604,0,R,682,0,0,0,0,0,0,0,0
34166891604,0,W,1024,0,0,0,0,0,0,0,0
34166891605,0,R,684,0,0,0,0,0,0,0,0
34166891605,0,W,1024,0,0,0,0,0,0,0,0
34166891606,0,R,682,0,0,0,0,0,0,0,0
34166891606,0,W,1024,0,0,0,0,0,0,0,0
34166891607,0,R,683,0,0,0,0,0,0,0,0
34166891607,0,W,1024,0,0,0,0,0,0,0,0
34166891608,0,R,682,0,0,0,0,0,0,0,0
34166891608,0,W,1024,0,0,0,0,0,0,0,0
34166891609,0,R,683,0,0,0,0,0,0,0,0
34166891609,0,W,1024,0,0,0,0,0,0,0,0
34166891610,0,R,683,0,0,0,0,0,0,0,0
34166891610,0,W,1024,0,0,0,0,0,0,0,0
34166891611,0,R,682,0,0,0,0,0,0,0,0
34166891611,0,W,1024,0,0,0,0,0,0,0,0
34166891612,0,R,683,0,0,0,0,0,0,0,0
34166891612,0,W,1024,0,0,0,0,0,0,0,0
34166891613,0,R,682,0,0,0,0,0,0,0,0
34166891613,0,W,1024,0,0,0,0,0,0,0,0
34166891614,0,R,684,0,0,0,0,0,0,0,0
34166891614,0,W,1024,0,0,0,0,0,0,0,0
34166891615,0,R,682,0,0,0,0,0,0,0,0
34166891615,0,W,1024,0,0,0,0,0,0,0,0
34166891616,0,R,683,0,0,0,0,0,0,0,0
34166891616,0,W,1024,0,0,0,0,0,0,0,0
34166891617,0,R,682,0,0,0,0,0,0,0,0
34166891617,0,W,1024,0,0,0,0,0,0,0,0
34166891618,0,R,683,0,0,0,0,0,0,0,0
34166891618,0,W,1024,0,0,0,0,0,0,0,0
34166891619,0,R,683,0,0,0,0,0,0,0,0
34166891619,0,W,1024,0,0,0,0,0,0,0,0
34166891620,0,R,682,0,0,0,0,0,0,0,0
34166891620,0,W,1024,0,0,0,0,0,0,0,0
34166891621,0,R,683,0,0,0,0,0,0,0,0
34166891621,0,W,1024,0,0,0,0,0,0,0,0
34166891622,0,R,682,0,0,0,0,0,0,0,0
34166891622,0,W,1024,0,0,0,0,0,0,0,0
34166891623,0,R,684,0,0,0,0,0,0,0,0
34166891623,0,W,1024,0,0,0,0,0,0,0,0
34166891624,0,R,682,0,0,0,0,0,0,0,0
34166891624,0,W,1024,0,0,0,0,0,0,0,0
34166891625,0,R,683,0,0,0,0,0,0,0,0
34166891625,0,W,1024,0,0,0,0,0,0,0,0
34166891626,0,R,682,0,0,0,0,0,0,0,0
34166891626,0,W,1024,0,0,0,0,0,0,0,0
34166891627,0,R,683,0,0,0,0,0,0,0,0
34166891627,0,W,1024,0,0,0,0,0,0,0,0
34166891628,0,R,683,0,0,0,0,0,0,0,0
34166891628,0,W,1024,0,0,0,0,0,0,0,0
34166891629,0,R,682,0,0,0,0,0,0,0,0
34166891629,0,W,1024,0,0,0,0,0,0,0,0
34166891630,0,R,683,0,0,0,0,0,0,0,0
34166891630,0,W,1024,0,0,0,0,0,0,0,0
34166891631,0,R,682,0,0,0,0,0,0,0,0
34166891631,0,W,1024,0,0,0,0,0,0,0,0
34166891632,0,R,684,0,0,0,0,0,0,0,0
34166891632,0,W,1024,0,0,0,0,0,0,0,0
34166891633,0,R,682,0,0,0,0,0,0,0,0
34166891633,0,W,1024,0,0,0,0,0,0,0,0
34166891634,0,R,683,0,0,0,0,0,0,0,0
34166891634,0,W,1024,0,0,0,0,0,0,0,0
34166891635,0,R,682,0,0,0,0,0,0,0,0
34166891635,0,W,1024,0,0,0,0,0,0,0,0
34166891636,0,R,683,0,0,0,0,0,0,0,0
34166891636,0,W,1024,0,0,0,0,0,0,0,0
34166891637,0,R,683,0,0,0,0,0,0,0,0
34166891637,0,W,1024,0,0,0,0,0,0,0,0
34166891638,0,R,682,0,0,0,0,0,0,0,0
34166891638,0,W,1024,0,0,0,0,0,0,0,0
34166891639,0,R,683,0,0,0,0,0,0,0,0
34166891639,0,W,1024,0,0,0,0,0,0,0,0
34166891640,0,R,682,0,0,0,0,0,0,0,0
34166891640,0,W,1024,0,0,0,0,0,0,0,0
34166891641,0,R,684,0,0,0,0,0,0,0,0
34166891641,0,W,1024,0,0,0,0,0,0,0,0
34166891642,0,R,682,0,0,0,0,0,0,0,0
34166891642,0,W,1024,0,0,0,0,0,0,0,0
34166891643,0,R,683,0,0,0,0,0,0,0,0
34166891643,0,W,1024,0,0,0,0,0,0,0,0
34166891644,0,R,682,0,0,0,0,0,0,0,0
34166891644,0,W,1024,0,0,0,0,0,0,0,0
34166891645,0,R,683,0,0,0,0,0,0,0,0
34166891645,0,W,1024,0,0,0,0,0,0,0,0
34166891646,0,R,683,0,0,0,0,0,0,0,0
34166891646,0,W,1024,0,0,0,0,0,0,0,0
34166891647,0,R,682,0,0,0,0,0,0,0,0
34166891647,0,W,1024,0,0,0,0,0,0,0,0
34166891648,0,R,683,0,0,0,0,0,0,0,0
34166891648,0,W,1024,0,0,0,0,0,0,0,0
34166891649,0,R,682,0,0,0,0,0,0,0,0
34166891649,0,W,1024,0,0,0,0,0,0,0,0
34166891650,0,R,684,0,0,0,0,0,0,0,0
34166891650,0,W,1024,0,0,0,0,0,0,0,0
34166891651,0,R,682,0,0,0,0,0,0,0,0
34166891651,0,W,1024,0,0,0,0,0,0,0,0
34166891652,0,R,683,0,0,0,0,0,0,0,0
34166891652,0,W,1024,0,0,0,0,0,0,0,0
34166891653,0,R,682,0,0,0,0,0,0,0,0
34166891653,0,W,1024,0,0,0,0,0,0,0,0
34166891654,0,R,683,0,0,0,0,0,0,0,0
34166891654,0,W,1024,0,0,0,0,0,0,0,0
34166891655,0,R,683,0,0,0,0,0,0,0,0
34166891655,0,W,1024,0,0,0,0,0,0,0,0
34166891656,0,R,682,0,0,0,0,0,0,0,0
34166891656,0,W,1024,0,0,0,0,0,0,0,0
34166891657,0,R,683,0,0,0,0,0,0,0,0
34166891657,0,W,1024,0,0,0,0,0,0,0,0
34166891658,0,R,682,0,0,0,0,0,0,0,0
34166891658,0,W,1024,0,0,0,0,0,0,0,0
34166891659,0,R,684,0,0,0,0,0,0,0,0
34166891659,0,W,1024,0,0,0,0,0,0,0,0
34166891660,0,R,682,0,0,0,0,0,0,0,0
34166891660,0,W,1024,0,0,0,0,0,0,0,0
34166891661,0,R,683,0,0,0,0,0,0,0,0
34166891661,0,W,1024,0,0,0,0,0,0,0,0
34166891662,0,R,682,0,0,0,0,0,0,0,0
34166891662,0,W,1024,0,0,0,0,0,0,0,0
34166891663,0,R,683,0,0,0,0,0,0,0,0
34166891663,0,W,1024,0,0,0,0,0,0,0,0
34166891664,0,R,683,0,0,0,0,0,0,0,0
34166891664,0,W,1024,0,0,0,0,0,0,0,0
34166891665,0,R,682,0,0,0,0,0,0,0,0
34166891665,0,W,1024,0,0,0,0,0,0,0,0
34166891666,0,R,683,0,0,0,0,0,0,0,0
34166891666,0,W,1024,0,0,0,0,0,0,0,0
34166891667,0,R,682,0,0,0,0,0,0,0,0
34166891667,0,W,1024,0,0,0,0,0,0,0,0
34166891668,0,R,684,0,0,0,0,0,0,0,0
34166891668,0,W,1024,0,0,0,0,0,0,0,0
34166891669,0,R,682,0,0,0,0,0,0,0,0
34166891669,0,W,1024,0,0,0,0,0,0,0,0
34166891670,0,R,2,0,0,0,0,0,0,0,0
34166891670,0,W,4,0,0,0,0,0,0,0,0
34166893029,0,R,0,0,0,0,0,0,0,0,0
34166893029,0,W,33809,0,0,0,0,0,0,0,0
34166893030,0,R,0,0,0,0,0,0,0,0,0
34166893030,0,W,33721,0,0,0,0,0,0,0,0
34166893031,0,R,0,0,0,0,0,0,0,0,0
34166893031,0,W,33450,0,0,0,0,0,0,0,0
34166893032,0,R,0,0,0,0,0,0,0,0,0
34166893032,0,W,33401,0,0,0,0,0,0,0,0
34166893033,0,R,0,0,0,0,0,0,0,0,0
34166893033,0,W,33451,0,0,0,0,0,0,0,0
34166893034,0,R,0,0,0,0,0,0,0,0,0
34166893034,0,W,33655,0,0,0,0,0,0,0,0
34166893035,0,R,0,0,0,0,0,0,0,0,0
34166893035,0,W,33745,0,0,0,0,0,0,0,0
34166893036,0,R,0,0,0,0,0,0,0,0,0
34166893036,0,W,33582,0,0,0,0,0,0,0,0
34166893037,0,R,0,0,0,0,0,0,0,0,0
34166893037,0,W,33524,0,0,0,0,0,0,0,0
34166893038,0,R,0,0,0,0,0,0,0,0,0
34166893038,0,W,33316,0,0,0,0,0,0,0,0
34166893039,0,R,0,0,0,0,0,0,0,0,0
34166893039,0,W,33489,0,0,0,0,0,0,0,0
34166893040,0,R,0,0,0,0,0,0,0,0,0
34166893040,0,W,33872,0,0,0,0,0,0,0,0
34166893041,0,R,0,0,0,0,0,0,0,0,0
34166893041,0,W,33596,0,0,0,0,0,0,0,0
34166893042,0,R,0,0,0,0,0,0,0,0,0
34166893042,0,W,33393,0,0,0,0,0,0,0,0
34166893043,0,R,0,0,0,0,0,0,0,0,0
34166893043,0,W,33392,0,0,0,0,0,0,0,0
34166893044,0,R,0,0,0,0,0,0,0,0,0
34166893044,0,W,33543,0,0,0,0,0,0,0,0
34166893045,0,R,0,0,0,0,0,0,0,0,0
34166893045,0,W,33889,0,0,0,0,0,0,0,0
34166893046,0,R,0,0,0,0,0,0,0,0,0
34166893046,0,W,33679,0,0,0,0,0,0,0,0
34166893047,0,R,0,0,0,0,0,0,0,0,0
34166893047,0,W,33408,0,0,0,0,0,0,0,0
34166893048,0,R,0,0,0,0,0,0,0,0,0
34166893048,0,W,33367,0,0,0,0,0,0,0,0
34166893049,0,R,0,0,0,0,0,0,0,0,0
34166893049,0,W,33558,0,0,0,0,0,0,0,0
34166893050,0,R,0,0,0,0,0,0,0,0,0
34166893050,0,W,31004,0,0,0,0,0,0,0,0
34166893051,0,R,0,0,0,0,0,0,0,0,0
34166893051,0,W,30729,0,0,0,0,0,0,0,0
34166893052,0,R,0,0,0,0,0,0,0,0,0
34166893052,0,W,30600,0,0,0,0,0,0,0,0
34166893053,0,R,0,0,0,0,0,0,0,0,0
34166893053,0,W,30327,0,0,0,0,0,0,0,0
34166893054,0,R,0,0,0,0,0,0,0,0,0
34166893054,0,W,30252,0,0,0,0,0,0,0,0
34166893055,0,R,0,0,0,0,0,0,0,0,0
34166893055,0,W,30766,0,0,0,0,0,0,0,0
34166893056,0,R,0,0,0,0,0,0,0,0,0
34166893056,0,W,30659,0,0,0,0,0,0,0,0
34166893057,0,R,0,0,0,0,0,0,0,0,0
34166893057,0,W,30502,0,0,0,0,0,0,0,0
34166893058,0,R,0,0,0,0,0,0,0,0,0
34166893058,0,W,30406,0,0,0,0,0,0,0,0
34166893059,0,R,0,0,0,0,0,0,0,0,0
34166893059,0,W,30288,0,0,0,0,0,0,0,0
34166893060,0,R,0,0,0,0,0,0,0,0,0
34166893060,0,W,30469,0,0,0,0,0,0,0,0
34166893131,0,R,1,96000,0,0,0,0,0,0,0
34166893131,0,W,961,0,0,0,0,0,0,0,0
34166893132,0,R,0,102400,0,0,0,0,0,0,0
34166893132,0,W,1024,0,0,0,0,0,0,0,0
34166893133,0,R,0,102400,0,0,0,0,0,0,0
34166893133,0,W,1024,0,0,0,0,0,0,0,0
34166893134,0,R,0,102400,0,0,0,0,0,0,0
34166893134,0,W,1024,0,0,0,0,0,0,0,0
34166893135,0,R,0,102400,0,0,0,0,0,0,0
34166893135,0,W,1024,0,0,0,0,0,0,0,0
34166893136,0,R,0,102400,0,0,0,0,0,0,0
34166893136,0,W,1024,0,0,0,0,0,0,0,0
34166893137,0,R,0,102400,0,0,0,0,0,0,0
34166893137,0,W,1024,0,0,0,0,0,0,0,0
34166893138,0,R,0,102400,0,0,0,0,0,0,0
34166893138,0,W,1024,0,0,0,0,0,0,0,0
34166893139,0,R,0,6400,96000,0,0,0,0,0,0
34166893139,0,W,1024,0,0,0,0,0,0,0,0
34166893140,0,R,0,0,102400,0,0,0,0,0,0
34166893140,0,W,1024,0,0,0,0,0,0,0,0
34166893141,0,R,0,0,102400,0,0,0,0,0,0
34166893141,0,W,1024,0,0,0,0,0,0,0,0
34166893142,0,R,0,0,102400,0,0,0,0,0,0
34166893142,0,W,1024,0,0,0,0,0,0,0,0
34166893143,0,R,0,0,102400,0,0,0,0,0,0
34166893143,0,W,1024,0,0,0,0,0,0,0,0
34166893144,0,R,0,0,102400,0,0,0,0,0,0
34166893144,0,W,1024,0,0,0,0,0,0,0,0
34166893145,0,R,0,0,102400,0,0,0,0,0,0
34166893145,0,W,1024,0,0,0,0,0,0,0,0
34166893146,0,R,0,0,102400,0,0,0,0,0,0
34166893146,0,W,1024,0,0,0,0,0,0,0,0
34166893147,0,R,0,0,6400,96000,0,0,0,0,0
34166893147,0,W,1024,0,0,0,0,0,0,0,0
34166893148,0,R,0,0,0,102400,0,0,0,0,0
34166893148,0,W,1024,0,0,0,0,0,0,0,0
34166893149,0,R,0,0,0,102400,0,0,0,0,0
34166893149,0,W,1024,0,0,0,0,0,0,0,0
34166893150,0,R,0,0,0,102400,0,0,0,0,0
34166893150,0,W,1024,0,0,0,0,0,0,0,0
34166893151,0,R,0,0,0,102400,0,0,0,0,0
34166893151,0,W,1024,0,0,0,0,0,0,0,0
34166893152,0,R,0,0,0,102400,0,0,0,0,0
34166893152,0,W,1024,0,0,0,0,0,0,0,0
34166893153,0,R,0,0,0,102400,0,0,0,0,0
34166893153,0,W,1024,0,0,0,0,0,0,0,0
34166893154,0,R,0,0,0,102400,0,0,0,0,0
34166893154,0,W,1024,0,0,0,0,0,0,0,0
34166893155,0,R,0,0,0,6400,96000,0,0,0,0
34166893155,0,W,1024,0,0,0,0,0,0,0,0
34166893156,0,R,0,0,0,0,102400,0,0,0,0
34166893156,0,W,1024,0,0,0,0,0,0,0,0
34166893157,0,R,0,0,0,0,102400,0,0,0,0
34166893157,0,W,1024,0,0,0,0,0,0,0,0
34166893158,0,R,0,0,0,0,102400,0,0,0,0
34166893158,0,W,1024,0,0,0,0,0,0,0,0
34166893159,0,R,0,0,0,0,102400,0,0,0,0
34166893159,0,W,1024,0,0,0,0,0,0,0,0
34166893160,0,R,0,0,0,0,102400,0,0,0,0
34166893160,0,W,1024,0,0,0,0,0,0,0,0
34166893161,0,R,0,0,0,0,102400,0,0,0,0
34166893161,0,W,1024,0,0,0,0,0,0,0,0
34166893162,0,R,0,0,0,0,102400,0,0,0,0
34166893162,0,W,1024,0,0,0,0,0,0,0,0
34166893163,0,R,0,0,0,0,6400,96000,0,0,0
34166893163,0,W,1024,0,0,0,0,0,0,0,0
34166893164,0,R,0,0,0,0,0,102400,0,0,0
34166893164,0,W,1024,0,0,0,0,0,0,0,0
34166893165,0,R,0,0,0,0,0,102400,0,0,0
34166893165,0,W,1024,0,0,0,0,0,0,0,0
34166893166,0,R,0,0,0,0,0,102400,0,0,0
34166893166,0,W,1024,0,0,0,0,0,0,0,0
34166893167,0,R,0,0,0,0,0,102400,0,0,0
34166893167,0,W,1024,0,0,0,0,0,0,0,0
34166893168,0,R,0,0,0,0,0,102400,0,0,0
34166893168,0,W,1024,0,0,0,0,0,0,0,0
34166893169,0,R,0,0,0,0,0,102400,0,0,0
34166893169,0,W,1024,0,0,0,0,0,0,0,0
34166893170,0,R,0,0,0,0,0,102400,0,0,0
34166893170,0,W,1024,0,0,0,0,0,0,0,0
34166893171,0,R,0,0,0,0,0,6400,96000,0,0
34166893171,0,W,1024,0,0,0,0,0,0,0,0
34166893172,0,R,0,0,0,0,0,0,102400,0,0
34166893172,0,W,1024,0,0,0,0,0,0,0,0
34166893173,0,R,0,0,0,0,0,0,102400,0,0
34166893173,0,W,1024,0,0,0,0,0,0,0,0
34166893174,0,R,0,0,0,0,0,0,102400,0,0
34166893174,0,W,1024,0,0,0,0,0,0,0,0
34166893175,0,R,0,0,0,0,0,0,102400,0,0
34166893175,0,W,1024,0,0,0,0,0,0,0,0
34166893176,0,R,0,0,0,0,0,0,102400,0,0
34166893176,0,W,1024,0,0,0,0,0,0,0,0
34166893177,0,R,0,0,0,0,0,0,102400,0,0
34166893177,0,W,1024,0,0,0,0,0,0,0,0
34166893178,0,R,0,0,0,0,0,0,102400,0,0
34166893178,0,W,1024,0,0,0,0,0,0,0,0
34166893179,0,R,0,0,0,0,0,0,6400,96000,0
34166893179,0,W,1024,0,0,0,0,0,0,0,0
34166893180,0,R,0,0,0,0,0,0,0,102400,0
34166893180,0,W,1024,0,0,0,0,0,0,0,0
34166893181,0,R,0,0,0,0,0,0,0,102400,0
34166893181,0,W,1024,0,0,0,0,0,0,0,0
34166893182,0,R,0,0,0,0,0,0,0,102400,0
34166893182,0,W,1024,0,0,0,0,0,0,0,0
34166893183,0,R,0,0,0,0,0,0,0,102400,0
34166893183,0,W,1024,0,0,0,0,0,0,0,0
34166893184,0,R,0,0,0,0,0,0,0,102400,0
34166893184,0,W,1024,0,0,0,0,0,0,0,0
34166893185,0,R,0,0,0,0,0,0,0,102400,0
34166893185,0,W,1024,0,0,0,0,0,0,0,0
34166893186,0,R,0,0,0,0,0,0,0,102400,0
34166893186,0,W,1024,0,0,0,0,0,0,0,0
34166893187,0,R,0,0,0,0,0,0,0,6400,96000
34166893187,0,W,1024,0,0,0,0,0,0,0,0
34166893188,0,R,0,0,0,0,0,0,0,0,102400
34166893188,0,W,1024,0,0,0,0,0,0,0,0
34166893189,0,R,0,0,0,0,0,0,0,0,102400
34166893189,0,W,1024,0,0,0,0,0,0,0,0
34166893190,0,R,0,0,0,0,0,0,0,0,102400
34166893190,0,W,1024,0,0,0,0,0,0,0,0
34166893191,0,R,0,0,0,0,0,0,0,0,102400
34166893191,0,W,1024,0,0,0,0,0,0,0,0
34166893192,0,R,0,0,0,0,0,0,0,0,102400
34166893192,0,W,1024,0,0,0,0,0,0,0,0
34166893193,0,R,0,0,0,0,0,0,0,0,102400
34166893193,0,W,1024,0,0,0,0,0,0,0,0
34166893194,0,R,0,0,0,0,0,0,0,0,102400
34166893194,0,W,1024,0,0,0,0,0,0,0,0
34166893195,0,R,0,0,0,0,0,0,0,0,6400
34166893195,0,W,64,0,0,0,0,0,0,0,0
34166893268,0,R,1023,0,0,0,0,0,0,0,0
34166893268,0,W,1,102000,0,0,0,0,0,0,0
34166893269,1,R,1024,0,0,0,0,0,0,0,0
34166893269,1,W,0,102400,0,0,0,0,0,0,0
34166893270,1,R,1024,0,0,0,0,0,0,0,0
34166893270,1,W,0,102400,0,0,0,0,0,0,0
34166893271,1,R,1024,0,0,0,0,0,0,0,0
34166893271,1,W,0,102400,0,0,0,0,0,0,0
34166893272,1,R,1024,0,0,0,0,0,0,0,0
34166893272,1,W,0,102400,0,0,0,0,0,0,0
34166893273,1,R,1024,0,0,0,0,0,0,0,0
34166893273,1,W,0,102400,0,0,0,0,0,0,0
34166893274,1,R,1024,0,0,0,0,0,0,0,0
34166893274,1,W,0,102400,0,0,0,0,0,0,0
34166893275,1,R,1024,0,0,0,0,0,0,0,0
34166893275,1,W,0,102400,0,0,0,0,0,0,0
34166893276,2,R,1024,0,0,0,0,0,0,0,0
34166893276,2,W,0,400,102000,0,0,0,0,0,0
34166893277,2,R,1024,0,0,0,0,0,0,0,0
34166893277,2,W,0,0,102400,0,0,0,0,0,0
34166893278,2,R,1024,0,0,0,0,0,0,0,0
34166893278,2,W,0,0,102400,0,0,0,0,0,0
34166893279,2,R,1024,0,0,0,0,0,0,0,0
34166893279,2,W,0,0,102400,0,0,0,0,0,0
34166893280,2,R,1024,0,0,0,0,0,0,0,0
34166893280,2,W,0,0,102400,0,0,0,0,0,0
34166893281,2,R,1024,0,0,0,0,0,0,0,0
34166893281,2,W,0,0,102400,0,0,0,0,0,0
34166893282,2,R,1024,0,0,0,0,0,0,0,0
34166893282,2,W,0,0,102400,0,0,0,0,0,0
34166893283,2,R,1024,0,0,0,0,0,0,0,0
34166893283,2,W,0,0,102400,0,0,0,0,0,0
34166893284,3,R,1024,0,0,0,0,0,0,0,0
34166893284,3,W,0,0,400,102000,0,0,0,0,0
34166893285,3,R,1024,0,0,0,0,0,0,0,0
34166893285,3,W,0,0,0,102400,0,0,0,0,0
34166893286,3,R,1024,0,0,0,0,0,0,0,0
34166893286,3,W,0,0,0,102400,0,0,0,0,0
34166893287,3,R,1024,0,0,0,0,0,0,0,0
34166893287,3,W,0,0,0,102400,0,0,0,0,0
34166893288,3,R,1024,0,0,0,0,0,0,0,0
34166893288,3,W,0,0,0,102400,0,0,0,0,0
34166893289,3,R,1024,0,0,0,0,0,0,0,0
34166893289,3,W,0,0,0,102400,0,0,0,0,0
34166893290,3,R,1024,0,0,0,0,0,0,0,0
34166893290,3,W,0,0,0,102400,0,0,0,0,0
34166893291,3,R,1024,0,0,0,0,0,0,0,0
34166893291,3,W,0,0,0,102400,0,0,0,0,0
34166893292,4,R,1024,0,0,0,0,0,0,0,0
34166893292,4,W,0,0,0,400,102000,0,0,0,0
34166893293,4,R,1024,0,0,0,0,0,0,0,0
34166893293,4,W,0,0,0,0,102400,0,0,0,0
34166893294,4,R,1024,0,0,0,0,0,0,0,0
34166893294,4,W,0,0,0,0,102400,0,0,0,0
34166893295,4,R,1024,0,0,0,0,0,0,0,0
34166893295,4,W,0,0,0,0,102400,0,0,0,0
34166893296,4,R,1024,0,0,0,0,0,0,0,0
34166893296,4,W,0,0,0,0,102400,0,0,0,0
34166893297,4,R,1024,0,0,0,0,0,0,0,0
34166893297,4,W,0,0,0,0,102400,0,0,0,0
34166893298,4,R,1024,0,0,0,0,0,0,0,0
34166893298,4,W,0,0,0,0,102400,0,0,0,0
34166893299,4,R,1024,0,0,0,0,0,0,0,0
34166893299,4,W,0,0,0,0,102400,0,0,0,0
34166893300,5,R,1024,0,0,0,0,0,0,0,0
34166893300,5,W,0,0,0,0,400,102000,0,0,0
34166893301,5,R,1024,0,0,0,0,0,0,0,0
34166893301,5,W,0,0,0,0,0,102400,0,0,0
34166893302,5,R,1024,0,0,0,0,0,0,0,0
34166893302,5,W,0,0,0,0,0,102400,0,0,0
34166893303,5,R,1024,0,0,0,0,0,0,0,0
34166893303,5,W,0,0,0,0,0,102400,0,0,0
34166893304,5,R,1024,0,0,0,0,0,0,0,0
34166893304,5,W,0,0,0,0,0,102400,0,0,0
34166893305,5,R,1024,0,0,0,0,0,0,0,0
34166893305,5,W,0,0,0,0,0,102400,0,0,0
34166893306,5,R,1024,0,0,0,0,0,0,0,0
34166893306,5,W,0,0,0,0,0,102400,0,0,0
34166893307,5,R,1024,0,0,0,0,0,0,0,0
34166893307,5,W,0,0,0,0,0,102400,0,0,0
34166893308,6,R,1024,0,0,0,0,0,0,0,0
34166893308,6,W,0,0,0,0,0,400,102000,0,0
34166893309,6,R,1024,0,0,0,0,0,0,0,0
34166893309,6,W,0,0,0,0,0,0,102400,0,0
34166893310,6,R,1024,0,0,0,0,0,0,0,0
34166893310,6,W,0,0,0,0,0,0,102400,0,0
34166893311,6,R,1024,0,0,0,0,0,0,0,0
34166893311,6,W,0,0,0,0,0,0,102400,0,0
34166893312,6,R,1024,0,0,0,0,0,0,0,0
34166893312,6,W,0,0,0,0,0,0,102400,0,0
34166893313,6,R,1024,0,0,0,0,0,0,0,0
34166893313,6,W,0,0,0,0,0,0,102400,0,0
34166893314,6,R,1024,0,0,0,0,0,0,0,0
34166893314,6,W,0,0,0,0,0,0,102400,0,0
34166893315,6,R,1024,0,0,0,0,0,0,0,0
34166893315,6,W,0,0,0,0,0,0,102400,0,0
34166893316,7,R,1024,0,0,0,0,0,0,0,0
34166893316,7,W,0,0,0,0,0,0,400,102000,0
34166893317,7,R,1024,0,0,0,0,0,0,0,0
34166893317,7,W,0,0,0,0,0,0,0,102400,0
34166893318,7,R,1024,0,0,0,0,0,0,0,0
34166893318,7,W,0,0,0,0,0,0,0,102400,0
34166893319,7,R,1024,0,0,0,0,0,0,0,0
34166893319,7,W,0,0,0,0,0,0,0,102400,0
34166893320,7,R,1024,0,0,0,0,0,0,0,0
34166893320,7,W,0,0,0,0,0,0,0,102400,0
34166893321,7,R,1024,0,0,0,0,0,0,0,0
34166893321,7,W,0,0,0,0,0,0,0,102400,0
34166893322,7,R,1024,0,0,0,0,0,0,0,0
34166893322,7,W,0,0,0,0,0,0,0,102400,0
34166893323,7,R,1024,0,0,0,0,0,0,0,0
34166893323,7,W,0,0,0,0,0,0,0,102400,0
34166893324,8,R,1024,0,0,0,0,0,0,0,0
34166893324,8,W,0,0,0,0,0,0,0,400,102000
34166893325,8,R,1024,0,0,0,0,0,0,0,0
34166893325,8,W,0,0,0,0,0,0,0,0,102400
34166893326,8,R,1024,0,0,0,0,0,0,0,0
34166893326,8,W,0,0,0,0,0,0,0,0,102400
34166893327,8,R,1024,0,0,0,0,0,0,0,0
34166893327,8,W,0,0,0,0,0,0,0,0,102400
34166893328,8,R,1024,0,0,0,0,0,0,0,0
34166893328,8,W,0,0,0,0,0,0,0,0,102400
34166893329,8,R,1024,0,0,0,0,0,0,0,0
34166893329,8,W,0,0,0,0,0,0,0,0,102400
34166893330,8,R,1024,0,0,0,0,0,0,0,0
34166893330,8,W,0,0,0,0,0,0,0,0,102400
34166893331,8,R,1024,0,0,0,0,0,0,0,0
34166893331,8,W,0,0,0,0,0,0,0,0,102400
34166893332,8,R,4,0,0,0,0,0,0,0,0
34166893332,8,W,0,0,0,0,0,0,0,0,400
34166893338,0,R,201636,0,0,0,0,0,0,0,0
34166893338,0,W,0,0,0,0,0,0,0,0,0
34166893339,0,R,201652,0,0,0,0,0,0,0,0
34166893339,0,W,0,0,0,0,0,0,0,0,0
34166893340,0,R,201596,0,0,0,0,0,0,0,0
34166893340,0,W,0,0,0,0,0,0,0,0,0
34166893341,0,R,201652,0,0,0,0,0,0,0,0
34166893341,0,W,0,0,0,0,0,0,0,0,0
34166893342,0,R,201612,0,0,0,0,0,0,0,0
34166893342,0,W,0,0,0,0,0,0,0,0,0
34166893343,0,R,201594,0,0,0,0,0,0,0,0
34166893343,0,W,0,0,0,0,0,0,0,0,0
34166893344,0,R,201644,0,0,0,0,0,0,0,0
34166893344,0,W,0,0,0,0,0,0,0,0,0
34166893345,0,R,201586,0,0,0,0,0,0,0,0
34166893345,0,W,0,0,0,0,0,0,0,0,0
34166893346,0,R,201620,0,0,0,0,0,0,0,0
34166893346,0,W,0,0,0,0,0,0,0,0,0
34166893347,0,R,201638,0,0,0,0,0,0,0,0
34166893347,0,W,0,0,0,0,0,0,0,0,0
34166893348,0,R,201624,0,0,0,0,0,0,0,0
34166893348,0,W,0,0,0,0,0,0,0,0,0
34166893349,0,R,201622,0,0,0,0,0,0,0,0
34166893349,0,W,0,0,0,0,0,0,0,0,0
34166893350,0,R,201592,0,0,0,0,0,0,0,0
34166893350,0,W,0,0,0,0,0,0,0,0,0
34166893351,0,R,201658,0,0,0,0,0,0,0,0
34166893351,0,W,0,0,0,0,0,0,0,0,0
34166893352,0,R,201624,0,0,0,0,0,0,0,0
34166893352,0,W,0,0,0,0,0,0,0,0,0
34166893353,0,R,201602,0,0,0,0,0,0,0,0
34166893353,0,W,0,0,0,0,0,0,0,0,0
34166893354,0,R,201682,0,0,0,0,0,0,0,0
34166893354,0,W,0,0,0,0,0,0,0,0,0
34166893355,0,R,201598,0,0,0,0,0,0,0,0
34166893355,0,W,0,0,0,0,0,0,0,0,0
34166893356,0,R,199655,0,0,0,0,0,0,0,0
34166893356,0,W,0,0,0,0,0,0,0,0,0
34166893357,0,R,195320,0,0,0,0,0,0,0,0
34166893357,0,W,0,0,0,0,0,0,0,0,0
34166893358,0,R,195310,0,0,0,0,0,0,0,0
34166893358,0,W,0,0,0,0,0,0,0,0,0
34166893359,0,R,195308,0,0,0,0,0,0,0,0
34166893359,0,W,0,0,0,0,0,0,0,0,0
34166893360,0,R,195310,0,0,0,0,0,0,0,0
34166893360,0,W,0,0,0,0,0,0,0,0,0
34166893361,0,R,195344,0,0,0,0,0,0,0,0
34166893361,0,W,0,0,0,0,0,0,0,0,0
34166893362,0,R,195280,0,0,0,0,0,0,0,0
34166893362,0,W,0,0,0,0,0,0,0,0,0
34166893363,0,R,195348,0,0,0,0,0,0,0,0
34166893363,0,W,0,0,0,0,0,0,0,0,0
34166893364,0,R,195336,0,0,0,0,0,0,0,0
34166893364,0,W,0,0,0,0,0,0,0,0,0
34166893365,0,R,195284,0,0,0,0,0,0,0,0
34166893365,0,W,0,0,0,0,0,0,0,0,0
34166893366,0,R,195372,0,0,0,0,0,0,0,0
34166893366,0,W,0,0,0,0,0,0,0,0,0
34166893367,0,R,195340,0,0,0,0,0,0,0,0
34166893367,0,W,0,0,0,0,0,0,0,0,0
34166893368,0,R,195286,0,0,0,0,0,0,0,0
34166893368,0,W,0,0,0,0,0,0,0,0,0
34166893369,0,R,195314,0,0,0,0,0,0,0,0
34166893369,0,W,0,0,0,0,0,0,0,0,0
34166894646,0,R,493,2,1,1,5,0,0,0,0
34166894646,0,W,0,0,0,0,0,0,0,0,0
34166894647,0,R,1134,2,1,1,6,0,0,0,0
34166894647,0,W,0,0,0,0,0,0,0,0,0
34166894648,0,R,1126,2,0,0,0,0,0,0,0
34166894648,0,W,0,0,0,0,0,0,0,0,0
34166894649,0,R,1055,2,2,2,8,0,0,0,0
34166894649,0,W,0,0,0,0,0,0,0,0,0
34166894650,0,R,616,0,0,0,0,0,0,0,0
34166894650,0,W,0,0,0,0,0,0,0,0,0
34166894651,0,R,643,0,0,0,7,0,0,0,0
34166894651,0,W,0,0,0,0,0,0,0,0,0
34166894652,0,R,610,0,0,0,0,0,0,0,0
34166894652,0,W,0,0,0,0,0,0,0,0,0
34166894653,0,R,605,0,0,0,0,0,0,0,0
34166894653,0,W,0,0,0,0,0,0,0,0,0
34166894654,0,R,617,0,0,0,0,0,0,0,0
34166894654,0,W,0,0,0,0,0,0,0,0,0
34166894655,0,R,603,7,0,0,0,0,0,0,0
34166894655,0,W,0,0,0,0,0,0,0,0,0
34166894656,0,R,674,0,0,0,0,0,0,0,0
34166894656,0,W,0,0,0,0,0,0,0,0,0
34166894657,0,R,703,0,0,0,0,0,0,0,0
34166894657,0,W,0,0,0,0,0,0,0,0,0
34166894658,0,R,641,0,0,0,0,0,0,0,0
34166894658,0,W,0,0,0,0,0,0,0,0,0
34166894659,0,R,581,7,7,7,7,0,0,0,0
34166894659,0,W,0,0,0,0,0,0,0,0,0
34166894660,0,R,638,0,0,0,0,0,0,0,0
34166894660,0,W,0,0,0,0,0,0,0,0,0
34166894661,0,R,641,0,0,0,7,0,0,0,0
34166894661,0,W,0,0,0,0,0,0,0,0,0
34166894662,0,R,570,0,0,0,0,0,0,0,0
34166894662,0,W,0,0,0,0,0,0,0,0,0
34166894663,0,R,291,13,13,13,17,0,0,0,0
34166894663,0,W,0,0,0,0,0,0,0,0,0
34166894664,0,R,243,0,0,0,0,0,0,0,0
34166894664,0,W,0,0,0,0,0,0,0,0,0
34166894665,0,R,374,0,0,0,0,0,0,0,0
34166894665,0,W,0,0,0,0,0,0,0,0,0
34166894666,0,R,329,0,0,0,22,0,0,0,0
34166894666,0,W,0,0,0,0,0,0,0,0,0
34166894667,0,R,252,8,0,0,30,0,0,0,0
34166894667,0,W,0,0,0,0,0,0,0,0,0
34166894668,0,R,2558,27,14,14,75,0,0,0,0
34166894668,0,W,0,0,0,0,0,0,0,0,0
34166894669,0,R,713,1,1,1,2,0,0,0,0
34166894669,0,W,0,0,0,0,0,0,0,0,0
34166894670,0,R,512,0,0,0,0,0,0,0,0
34166894670,0,W,0,0,0,0,0,0,0,0,0
34166894671,0,R,512,0,0,0,0,0,0,0,0
34166894671,0,W,0,0,0,0,0,0,0,0,0
34166894672,0,R,512,0,0,0,0,0,0,0,0
34166894672,0,W,0,0,0,0,0,0,0,0,0
34166894673,0,R,512,0,0,0,0,0,0,0,0
34166894673,0,W,0,0,0,0,0,0,0,0,0
34166894674,0,R,512,0,0,0,0,0,0,0,0
34166894674,0,W,0,0,0,0,0,0,0,0,0
34166894675,0,R,512,0,0,0,0,0,0,0,0
34166894675,0,W,0,0,0,0,0,0,0,0,0
34166894676,0,R,511,0,0,0,0,0,0,0,0
34166894676,0,W,0,0,0,0,0,0,0,0,0
34166894677,0,R,126,0,0,0,2,0,0,0,0
34166894677,0,W,0,0,0,0,0,0,0,0,0
34166895005,0,R,3346766,0,0,0,0,0,0,0,0
34166895005,0,W,0,0,0,0,0,0,0,0,0
34166895006,0,R,2228227,0,0,0,0,0,0,0,0
34166895006,0,W,0,0,0,0,0,0,0,0,0
34166895017,0,R,2190060,0,0,0,0,0,0,0,0
34166895017,0,W,0,0,0,0,0,0,0,0,0
34166895020,0,R,20,0,0,0,0,0,0,0,0
34166895020,0,W,0,0,0,0,0,0,0,0,0
34166895021,0,R,1441802,0,0,0,0,0,0,0,0
34166895021,0,W,0,0,0,0,0,0,0,0,0
34166895022,0,R,3,0,0,0,0,0,0,0,0
34166895022,0,W,0,0,0,0,0,0,0,0,0
34166895026,0,R,65703,0,0,0,0,0,0,0,0
34166895026,0,W,0,0,0,0,0,0,0,0,0
34166895027,0,R,2,0,0,0,0,0,0,0,0
34166895027,0,W,0,0,0,0,0,0,0,0,0
34166895028,0,R,5319337,0,0,0,0,0,0,0,0
34166895028,0,W,0,0,0,0,0,0,0,0,0
34166895036,0,R,131787,0,0,0,0,0,0,0,0
34166895036,0,W,0,0,0,0,0,0,0,0,0
34166895600,0,R,21,4,4,4,4,4,4,4,4
34166895600,0,W,226,0,0,0,0,0,0,0,0
34166895601,0,R,4,3,3,3,3,3,3,3,3
34166895601,0,W,265,0,0,0,0,0,0,0,0
34166895602,0,R,786434,0,0,0,0,0,0,0,0
34166895602,0,W,343,0,0,0,0,0,0,0,0
34166895603,0,R,1660093,17,15,15,25,13,13,13,13
34166895603,0,W,339,0,0,0,0,0,0,0,0
34166895604,0,R,300,3,3,3,5,3,3,3,3
34166895604,0,W,441,0,0,0,1,0,0,0,0
34166895605,0,R,5966571,1,1,1,1,1,1,1,1
34166895605,0,W,2081,0,0,0,0,0,0,0,0
34166895606,0,R,216,1,1,1,1,1,1,1,1
34166895606,0,W,118,0,0,0,0,0,0,0,0
34166895607,0,R,16,0,0,0,0,0,0,0,0
34166895607,0,W,12,0,0,0,0,0,0,0,0
34166895609,0,R,131129,0,0,0,0,0,0,0,0
34166895609,0,W,59,0,0,0,0,0,0,0,0
34166895610,0,R,655525,0,0,0,0,0,0,0,0
34166895610,0,W,23,0,0,0,0,0,0,0,0
34166895611,0,R,153,2,1,1,4,0,0,0,0
34166895611,0,W,0,0,0,0,0,0,0,0,0
34166895612,0,R,74,6,3,3,9,0,0,0,0
34166895612,0,W,0,0,0,0,0,0,0,0,0
34166895613,0,R,521,0,0,0,0,0,0,0,0
34166895613,0,W,0,0,0,0,0,0,0,0,0
34166895614,0,R,195,42,26,26,98,0,0,0,0
34166895614,0,W,0,0,0,0,0,0,0,0,0
34166895615,0,R,1315,52,27,27,81,0,0,0,0
34166895615,0,W,0,0,0,0,0,0,0,0,0
34166895616,0,R,130,4,2,2,6,0,0,0,0
34166895616,0,W,0,0,0,0,0,0,0,0,0
34166896147,0,R,489,13,7,7,21,1,1,1,1
34166896147,0,W,77,0,0,0,0,0,0,0,0
34166896148,0,R,191,11,9,9,13,7,7,7,7
34166896148,0,W,3478,3,2,2,4,1,1,1,1
34166896152,0,R,176,0,0,0,0,0,0,0,0
34166896152,0,W,166,0,0,0,0,0,0,0,0
34166896153,0,R,143,5,1,1,4,0,0,0,0
34166896153,0,W,0,0,0,0,0,0,0,0,0
34166896154,0,R,35,3,0,0,0,0,0,0,0
34166896154,0,W,0,0,0,0,0,0,0,0,0
34166896155,0,R,9,7,0,0,0,0,0,0,0
34166896155,0,W,0,0,0,0,0,0,0,0,0
34166896156,0,R,205,7,0,0,0,0,0,0,0
34166896156,0,W,0,0,0,0,0,0,0,0,0
34166896157,0,R,411,35,0,0,0,0,0,0,0
34166896157,0,W,0,0,0,0,0,0,0,0,0
34166896158,0,R,137,0,0,0,0,0,0,0,0
34166896158,0,W,0,0,0,0,0,0,0,0,0
34166896269,1,R,0,3276800,3276800,3276800,3276800,3276800,3276800,3276800,3276800
34166896269,1,W,0,0,0,0,0,0,0,0,0
34166896287,1,R,0,2295600,2320200,2302400,2313400,2319200,2300200,2313600,2305000
34166896287,1,W,0,0,0,0,0,0,0,0,0
34166896288,1,R,0,2328400,2308200,2326000,2315800,2312800,2327400,2311200,2324600
34166896288,1,W,0,0,0,0,0,0,0,0,0
34166896289,1,R,0,4607400,4603600,4601600,4597600,4593400,4602600,4607400,4602400
34166896289,1,W,0,0,0,0,0,0,0,0,0
34166896290,1,R,0,20259800,20259200,20261200,20264400,20265800,20261000,20259000,20259200
34166896290,1,W,0,0,0,0,0,0,0,0,0
34166896319,1,R,0,4376800,4378400,4376000,4380000,4376800,4379200,4376000,4378400
34166896319,1,W,0,0,0,0,0,0,0,0,0
34166896925,0,R,382,8,2,2,8,0,0,0,0
34166896925,0,W,19,0,0,0,0,0,0,0,0
34166896926,0,R,38,2457600,2457600,2457600,2457600,2457600,2457600,2457600,2457600
34166896926,0,W,112,0,0,0,0,0,0,0,0
34166896939,0,R,2097647,0,0,0,0,0,0,0,0
34166896939,0,W,1442419,0,0,0,0,0,0,0,0
34166896940,0,R,2,0,0,0,0,0,0,0,0
34166896940,0,W,12,0,0,0,0,0,0,0,0
34166896942,0,R,777,4,2,2,15,0,0,0,0
34166896942,0,W,91,0,0,0,0,0,0,0,0
34166896959,0,R,12,0,0,0,0,0,0,0,0
34166896959,0,W,0,0,0,0,0,0,0,0,0
34166896961,0,R,10,0,0,0,0,0,0,0,0
34166896961,0,W,0,0,0,0,0,0,0,0,0
34166896962,0,R,15,0,0,0,0,0,0,0,0
34166896962,0,W,0,0,0,0,0,0,0,0,0
34166896963,0,R,15,0,0,0,0,0,0,0,0
34166896963,0,W,53,0,0,0,0,0,0,0,0
34166896965,0,R,14,0,0,0,0,0,0,0,0
34166896965,0,W,0,0,0,0,0,0,0,0,0
34166896967,0,R,4,0,0,0,0,0,0,0,0
34166896967,0,W,0,0,0,0,0,0,0,0,0
34166896968,0,R,77,0,0,0,0,0,0,0,0
34166896968,0,W,0,0,0,0,0,0,0,0,0
34166896969,0,R,9,0,0,0,0,0,0,0,0
34166896969,0,W,0,0,0,0,0,0,0,0,0
34166896970,0,R,47,0,0,0,0,0,0,0,0
34166896970,0,W,0,0,0,0,0,0,0,0,0
34166896971,0,R,16,0,0,0,0,0,0,0,0
34166896971,0,W,0,0,0,0,0,0,0,0,0
34166896974,0,R,15,0,0,0,0,0,0,0,0
34166896974,0,W,0,0,0,0,0,0,0,0,0
34166896975,0,R,48,0,0,0,0,0,0,0,0
34166896975,0,W,0,0,0,0,0,0,0,0,0
34166896976,0,R,4,0,0,0,0,0,0,0,0
34166896976,0,W,0,0,0,0,0,0,0,0,0
34166896981,0,R,8446,116,50,50,192,0,0,0,0
34166896981,0,W,659,0,0,0,0,0,0,0,0
34166897126,0,R,48,0,0,0,0,0,0,0,0
34166897126,0,W,84,0,0,0,0,0,0,0,0
34166897127,0,R,2879,68,18,18,70,0,0,0,0
34166897127,0,W,999,0,0,0,0,0,0,0,0
34166976354,0,R,1196,0,0,0,37,0,0,0,0
34166976354,0,W,0,0,0,0,0,0,0,0,0
34166976381,0,R,157,0,0,0,0,0,0,0,0
34166976381,0,W,0,0,0,0,0,0,0,0,0
34166976382,0,R,2940,0,0,0,0,0,0,0,0
34166976382,0,W,0,0,0,0,0,0,0,0,0
34166976385,0,R,57,0,0,0,0,0,0,0,0
34166976385,0,W,0,0,0,0,0,0,0,0,0
34166976900,0,R,1317,23,7,7,28,1,1,1,1
34166976900,0,W,69,0,0,0,0,0,0,0,0
34166976901,0,R,1116,6,3,3,22,2,2,2,2
34166976901,0,W,317,4,1,1,4,0,0,0,0
34166976902,0,R,2799,80,16,16,64,0,0,0,0
34166976902,0,W,500,0,0,0,0,0,0,0,0
34359718252,0,R,127101858,1,1,1,1,1,1,1,1
34359718252,0,W,91123863,0,0,0,0,0,0,0,0
34359718253,0,R,24,0,0,0,0,0,0,0,0
34359718253,0,W,0,0,0,0,0,0,0,0,0
34359718254,0,R,431,0,0,0,0,0,0,0,0
34359718254,0,W,0,0,0,0,0,0,0,0,0
34359718255,0,R,703,0,0,0,0,0,0,0,0
34359718255,0,W,0,0,0,0,0,0,0,0,0
34359718398,0,R,291,0,0,0,0,0,0,0,0
34359718398,0,W,0,0,0,0,0,0,0,0,0
