"addr";"type";"firstacc";"T0";"total";"struct"
34189786590;"R";0;102400;102400;"buffer"
34189786590;"W";0;1024;1024;"buffer"
34189786591;"R";0;102400;102400;"buffer"
34189786591;"W";0;1024;1024;"buffer"
34189786592;"R";0;102400;102400;"buffer"
34189786592;"W";0;1024;1024;"buffer"
34189786593;"R";0;102400;102400;"buffer"
34189786593;"W";0;1024;1024;"buffer"
34189786594;"R";0;102400;102400;"buffer"
34189786594;"W";0;1024;1024;"buffer"
34189786595;"R";0;102400;102400;"buffer"
34189786595;"W";0;1024;1024;"buffer"
34189786596;"R";0;102400;102400;"buffer"
34189786596;"W";0;1024;1024;"buffer"
34189786597;"R";0;102400;102400;"buffer"
34189786597;"W";0;1024;1024;"buffer"
34189786598;"R";0;102400;102400;"buffer"
34189786598;"W";0;1024;1024;"buffer"
34189786599;"R";0;102400;102400;"buffer"
34189786599;"W";0;1024;1024;"buffer"
34189786600;"R";0;102400;102400;"buffer"
34189786600;"W";0;1024;1024;"buffer"
34189786601;"R";0;102400;102400;"buffer"
34189786601;"W";0;1024;1024;"buffer"
34189786602;"R";0;102400;102400;"buffer"
34189786602;"W";0;1024;1024;"buffer"
34189786603;"R";0;102400;102400;"buffer"
34189786603;"W";0;1024;1024;"buffer"
34189786604;"R";0;102400;102400;"buffer"
34189786604;"W";0;1024;1024;"buffer"
34189786605;"R";0;102400;102400;"buffer"
34189786605;"W";0;1024;1024;"buffer"
34189786606;"R";0;102400;102400;"buffer"
34189786606;"W";0;1024;1024;"buffer"
34189786607;"R";0;102400;102400;"buffer"
34189786607;"W";0;1024;1024;"buffer"
34189786608;"R";0;102400;102400;"buffer"
34189786608;"W";0;1024;1024;"buffer"
34189786609;"R";0;102400;102400;"buffer"
34189786609;"W";0;1024;1024;"buffer"
34189786610;"R";0;102400;102400;"buffer"
34189786610;"W";0;1024;1024;"buffer"
34189786611;"R";0;102400;102400;"buffer"
34189786611;"W";0;1024;1024;"buffer"
34189786612;"R";0;102400;102400;"buffer"
34189786612;"W";0;1024;1024;"buffer"
34189786613;"R";0;102400;102400;"buffer"
34189786613;"W";0;1024;1024;"buffer"
34189786614;"R";0;102400;102400;"buffer"
34189786614;"W";0;1024;1024;"buffer"
34189786615;"R";0;102400;102400;"buffer"
34189786615;"W";0;1024;1024;"buffer"
34189786616;"R";0;102400;102400;"buffer"
34189786616;"W";0;1024;1024;"buffer"
34189786617;"R";0;102400;102400;"buffer"
34189786617;"W";0;1024;1024;"buffer"
34189786618;"R";0;102400;102400;"buffer"
34189786618;"W";0;1024;1024;"buffer"
34189786619;"R";0;102400;102400;"buffer"
34189786619;"W";0;1024;1024;"buffer"
34189786620;"R";0;102400;102400;"buffer"
34189786620;"W";0;1024;1024;"buffer"
34189786621;"R";0;102400;102400;"buffer"
34189786621;"W";0;1024;1024;"buffer"
34189786622;"R";0;102400;102400;"buffer"
34189786622;"W";0;1024;1024;"buffer"
34189786623;"R";0;102400;102400;"buffer"
34189786623;"W";0;1024;1024;"buffer"
34189786624;"R";0;102400;102400;"buffer"
34189786624;"W";0;1024;1024;"buffer"
34189786625;"R";0;102400;102400;"buffer"
34189786625;"W";0;1024;1024;"buffer"
34189786626;"R";0;102400;102400;"buffer"
34189786626;"W";0;1024;1024;"buffer"
34189786627;"R";0;102400;102400;"buffer"
34189786627;"W";0;1024;1024;"buffer"
34189786628;"R";0;102400;102400;"buffer"
34189786628;"W";0;1024;1024;"buffer"
34189786629;"R";0;102400;102400;"buffer"
34189786629;"W";0;1024;1024;"buffer"
34189786630;"R";0;102400;102400;"buffer"
34189786630;"W";0;1024;1024;"buffer"
34189786631;"R";0;102400;102400;"buffer"
34189786631;"W";0;1024;1024;"buffer"
34189786632;"R";0;102400;102400;"buffer"
34189786632;"W";0;1024;1024;"buffer"
34189786633;"R";0;102400;102400;"buffer"
34189786633;"W";0;1024;1024;"buffer"
34189786634;"R";0;102400;102400;"buffer"
34189786634;"W";0;1024;1024;"buffer"
34189786635;"R";0;102400;102400;"buffer"
34189786635;"W";0;1024;1024;"buffer"
34189786636;"R";0;102400;102400;"buffer"
34189786636;"W";0;1024;1024;"buffer"
34189786637;"R";0;102400;102400;"buffer"
34189786637;"W";0;1024;1024;"buffer"
34189786638;"R";0;102400;102400;"buffer"
34189786638;"W";0;1024;1024;"buffer"
34189786639;"R";0;102400;102400;"buffer"
34189786639;"W";0;1024;1024;"buffer"
34189786640;"R";0;102400;102400;"buffer"
34189786640;"W";0;1024;1024;"buffer"
34189786641;"R";0;102400;102400;"buffer"
34189786641;"W";0;1024;1024;"buffer"
34189786642;"R";0;102400;102400;"buffer"
34189786642;"W";0;1024;1024;"buffer"
34189786643;"R";0;102400;102400;"buffer"
34189786643;"W";0;1024;1024;"buffer"
34189786644;"R";0;102400;102400;"buffer"
34189786644;"W";0;1024;1024;"buffer"
34189786645;"R";0;102400;102400;"buffer"
34189786645;"W";0;1024;1024;"buffer"
34189786646;"R";0;102400;102400;"buffer"
34189786646;"W";0;1024;1024;"buffer"
34189786647;"R";0;102400;102400;"buffer"
34189786647;"W";0;1024;1024;"buffer"
34189786648;"R";0;102400;102400;"buffer"
34189786648;"W";0;1024;1024;"buffer"
34189786649;"R";0;102400;102400;"buffer"
34189786649;"W";0;1024;1024;"buffer"
34189786650;"R";0;102400;102400;"buffer"
34189786650;"W";0;1024;1024;"buffer"
34189786651;"R";0;102400;102400;"buffer"
34189786651;"W";0;1024;1024;"buffer"
34189786652;"R";0;102400;102400;"buffer"
34189786652;"W";0;1024;1024;"buffer"
34189786653;"R";0;102400;102400;"buffer"
34189786653;"W";0;1024;1024;"buffer"
34189786654;"R";0;102400;102400;"buffer"
34189786654;"W";0;1024;1024;"buffer"
34189786655;"R";0;102400;102400;"buffer"
34189786655;"W";0;1024;1024;"buffer"
34189786656;"R";0;102400;102400;"buffer"
34189786656;"W";0;1024;1024;"buffer"
34189786657;"R";0;102400;102400;"buffer"
34189786657;"W";0;1024;1024;"buffer"
34189786658;"R";0;102400;102400;"buffer"
34189786658;"W";0;1024;1024;"buffer"
34189786659;"R";0;102400;102400;"buffer"
34189786659;"W";0;1024;1024;"buffer"
34189786660;"R";0;102400;102400;"buffer"
34189786660;"W";0;1024;1024;"buffer"
34189786661;"R";0;102400;102400;"buffer"
34189786661;"W";0;1024;1024;"buffer"
34189786662;"R";0;102400;102400;"buffer"
34189786662;"W";0;1024;1024;"buffer"
34189786663;"R";0;102400;102400;"buffer"
34189786663;"W";0;1024;1024;"buffer"
34189786664;"R";0;102400;102400;"buffer"
34189786664;"W";0;1024;1024;"buffer"
34189786665;"R";0;102400;102400;"buffer"
34189786665;"W";0;1024;1024;"buffer"
34189786666;"R";0;102400;102400;"buffer"
34189786666;"W";0;1024;1024;"buffer"
34189786667;"R";0;102400;102400;"buffer"
34189786667;"W";0;1024;1024;"buffer"
34189786668;"R";0;102400;102400;"buffer"
34189786668;"W";0;1024;1024;"buffer"
34189786669;"R";0;102400;102400;"buffer"
34189786669;"W";0;1024;1024;"buffer"
34189786670;"R";0;102400;102400;"buffer"
34189786670;"W";0;1024;1024;"buffer"
34189786671;"R";0;102400;102400;"buffer"
34189786671;"W";0;1024;1024;"buffer"
34189786672;"R";0;102400;102400;"buffer"
34189786672;"W";0;1024;1024;"buffer"
34189786673;"R";0;102400;102400;"buffer"
34189786673;"W";0;1024;1024;"buffer"
34189786674;"R";0;102400;102400;"buffer"
34189786674;"W";0;1024;1024;"buffer"
34189786675;"R";0;102400;102400;"buffer"
34189786675;"W";0;1024;1024;"buffer"
34189786676;"R";0;102400;102400;"buffer"
34189786676;"W";0;1024;1024;"buffer"
34189786677;"R";0;102400;102400;"buffer"
34189786677;"W";0;1024;1024;"buffer"
34189786678;"R";0;102400;102400;"buffer"
34189786678;"W";0;1024;1024;"buffer"
34189786679;"R";0;102400;102400;"buffer"
34189786679;"W";0;1024;1024;"buffer"
34189786680;"R";0;102400;102400;"buffer"
34189786680;"W";0;1024;1024;"buffer"
34189786681;"R";0;102400;102400;"buffer"
34189786681;"W";0;1024;1024;"buffer"
34189786682;"R";0;102400;102400;"buffer"
34189786682;"W";0;1024;1024;"buffer"
34189786683;"R";0;102400;102400;"buffer"
34189786683;"W";0;1024;1024;"buffer"
34189786684;"R";0;102400;102400;"buffer"
34189786684;"W";0;1024;1024;"buffer"
34189786685;"R";0;102400;102400;"buffer"
34189786685;"W";0;1024;1024;"buffer"
34189786686;"R";0;102400;102400;"buffer"
34189786686;"W";0;1024;1024;"buffer"
34189786687;"R";0;102400;102400;"buffer"
34189786687;"W";0;1024;1024;"buffer"
34189786688;"R";0;102400;102400;"buffer"
34189786688;"W";0;1024;1024;"buffer"
34189786689;"R";0;102400;102400;"buffer"
34189786689;"W";0;1024;1024;"buffer"
34189786690;"R";0;102400;102400;"buffer"
34189786690;"W";0;1024;1024;"buffer"
34189786691;"R";0;102400;102400;"buffer"
34189786691;"W";0;1024;1024;"buffer"
34189786692;"R";0;102400;102400;"buffer"
34189786692;"W";0;1024;1024;"buffer"
34189786693;"R";0;102400;102400;"buffer"
34189786693;"W";0;1024;1024;"buffer"
34189786694;"R";0;102400;102400;"buffer"
34189786694;"W";0;1024;1024;"buffer"
34189786695;"R";0;102400;102400;"buffer"
34189786695;"W";0;1024;1024;"buffer"
34189786696;"R";0;102400;102400;"buffer"
34189786696;"W";0;1024;1024;"buffer"
34189786697;"R";0;102400;102400;"buffer"
34189786697;"W";0;1024;1024;"buffer"
34189786698;"R";0;102400;102400;"buffer"
34189786698;"W";0;1024;1024;"buffer"
34189786699;"R";0;102400;102400;"buffer"
34189786699;"W";0;1024;1024;"buffer"
34189786700;"R";0;102400;102400;"buffer"
34189786700;"W";0;1024;1024;"buffer"
34189786701;"R";0;102400;102400;"buffer"
34189786701;"W";0;1024;1024;"buffer"
34189786702;"R";0;102400;102400;"buffer"
34189786702;"W";0;1024;1024;"buffer"
34189786703;"R";0;102400;102400;"buffer"
34189786703;"W";0;1024;1024;"buffer"
34189786704;"R";0;102400;102400;"buffer"
34189786704;"W";0;1024;1024;"buffer"
34189786705;"R";0;102400;102400;"buffer"
34189786705;"W";0;1024;1024;"buffer"
34189786706;"R";0;102400;102400;"buffer"
34189786706;"W";0;1024;1024;"buffer"
34189786707;"R";0;102400;102400;"buffer"
34189786707;"W";0;1024;1024;"buffer"
34189786708;"R";0;102400;102400;"buffer"
34189786708;"W";0;1024;1024;"buffer"
34189786709;"R";0;102400;102400;"buffer"
34189786709;"W";0;1024;1024;"buffer"
34189786710;"R";0;102400;102400;"buffer"
34189786710;"W";0;1024;1024;"buffer"
34189786711;"R";0;102400;102400;"buffer"
34189786711;"W";0;1024;1024;"buffer"
34189786712;"R";0;102400;102400;"buffer"
34189786712;"W";0;1024;1024;"buffer"
34189786713;"R";0;102400;102400;"buffer"
34189786713;"W";0;1024;1024;"buffer"
34189786714;"R";0;102400;102400;"buffer"
34189786714;"W";0;1024;1024;"buffer"
34189786715;"R";0;102400;102400;"buffer"
34189786715;"W";0;1024;1024;"buffer"
34189786716;"R";0;102400;102400;"buffer"
34189786716;"W";0;1024;1024;"buffer"
34189786717;"R";0;102400;102400;"buffer"
34189786717;"W";0;1024;1024;"buffer"
34189786718;"R";0;102400;102400;"buffer"
34189786718;"W";0;1024;1024;"buffer"
34189786719;"R";0;102400;102400;"buffer"
34189786719;"W";0;1024;1024;"buffer"
34189786720;"R";0;102400;102400;"buffer"
34189786720;"W";0;1024;1024;"buffer"
34189786721;"R";0;102400;102400;"buffer"
34189786721;"W";0;1024;1024;"buffer"
34189786722;"R";0;102400;102400;"buffer"
34189786722;"W";0;1024;1024;"buffer"
34189786723;"R";0;102400;102400;"buffer"
34189786723;"W";0;1024;1024;"buffer"
34189786724;"R";0;102400;102400;"buffer"
34189786724;"W";0;1024;1024;"buffer"
34189786725;"R";0;102400;102400;"buffer"
34189786725;"W";0;1024;1024;"buffer"
34189786726;"R";0;102400;102400;"buffer"
34189786726;"W";0;1024;1024;"buffer"
34189786727;"R";0;102400;102400;"buffer"
34189786727;"W";0;1024;1024;"buffer"
34189786728;"R";0;102400;102400;"buffer"
34189786728;"W";0;1024;1024;"buffer"
34189786729;"R";0;102400;102400;"buffer"
34189786729;"W";0;1024;1024;"buffer"
34189786730;"R";0;102400;102400;"buffer"
34189786730;"W";0;1024;1024;"buffer"
34189786731;"R";0;102400;102400;"buffer"
34189786731;"W";0;1024;1024;"buffer"
34189786732;"R";0;102400;102400;"buffer"
34189786732;"W";0;1024;1024;"buffer"
34189786733;"R";0;102400;102400;"buffer"
34189786733;"W";0;1024;1024;"buffer"
34189786734;"R";0;102400;102400;"buffer"
34189786734;"W";0;1024;1024;"buffer"
34189786735;"R";0;102400;102400;"buffer"
34189786735;"W";0;1024;1024;"buffer"
34189786736;"R";0;102400;102400;"buffer"
34189786736;"W";0;1024;1024;"buffer"
34189786737;"R";0;102400;102400;"buffer"
34189786737;"W";0;1024;1024;"buffer"
34189786738;"R";0;102400;102400;"buffer"
34189786738;"W";0;1024;1024;"buffer"
34189786739;"R";0;102400;102400;"buffer"
34189786739;"W";0;1024;1024;"buffer"
34189786740;"R";0;102400;102400;"buffer"
34189786740;"W";0;1024;1024;"buffer"
34189786741;"R";0;102400;102400;"buffer"
34189786741;"W";0;1024;1024;"buffer"
34189786742;"R";0;102400;102400;"buffer"
34189786742;"W";0;1024;1024;"buffer"
34189786743;"R";0;102400;102400;"buffer"
34189786743;"W";0;1024;1024;"buffer"
34189786744;"R";0;102400;102400;"buffer"
34189786744;"W";0;1024;1024;"buffer"
34189786745;"R";0;102400;102400;"buffer"
34189786745;"W";0;1024;1024;"buffer"
34189786746;"R";0;102400;102400;"buffer"
34189786746;"W";0;1024;1024;"buffer"
34189786747;"R";0;102400;102400;"buffer"
34189786747;"W";0;1024;1024;"buffer"
34189786748;"R";0;102400;102400;"buffer"
34189786748;"W";0;1024;1024;"buffer"
34189786749;"R";0;102400;102400;"buffer"
34189786749;"W";0;1024;1024;"buffer"
34189786750;"R";0;102400;102400;"buffer"
34189786750;"W";0;1024;1024;"buffer"
34189786751;"R";0;102400;102400;"buffer"
34189786751;"W";0;1024;1024;"buffer"
34189786752;"R";0;102400;102400;"buffer"
34189786752;"W";0;1024;1024;"buffer"
34189786753;"R";0;102400;102400;"buffer"
34189786753;"W";0;1024;1024;"buffer"
34189786754;"R";0;102400;102400;"buffer"
34189786754;"W";0;1024;1024;"buffer"
34189786755;"R";0;102400;102400;"buffer"
34189786755;"W";0;1024;1024;"buffer"
34189786756;"R";0;102400;102400;"buffer"
34189786756;"W";0;1024;1024;"buffer"
34189786757;"R";0;102400;102400;"buffer"
34189786757;"W";0;1024;1024;"buffer"
34189786758;"R";0;102400;102400;"buffer"
34189786758;"W";0;1024;1024;"buffer"
34189786759;"R";0;102400;102400;"buffer"
34189786759;"W";0;1024;1024;"buffer"
34189786760;"R";0;102400;102400;"buffer"
34189786760;"W";0;1024;1024;"buffer"
34189786761;"R";0;102400;102400;"buffer"
34189786761;"W";0;1024;1024;"buffer"
34189786762;"R";0;102400;102400;"buffer"
34189786762;"W";0;1024;1024;"buffer"
34189786763;"R";0;102400;102400;"buffer"
34189786763;"W";0;1024;1024;"buffer"
34189786764;"R";0;102400;102400;"buffer"
34189786764;"W";0;1024;1024;"buffer"
34189786765;"R";0;102400;102400;"buffer"
34189786765;"W";0;1024;1024;"buffer"
34189786766;"R";0;102400;102400;"buffer"
34189786766;"W";0;1024;1024;"buffer"
34189786767;"R";0;102400;102400;"buffer"
34189786767;"W";0;1024;1024;"buffer"
34189786768;"R";0;102400;102400;"buffer"
34189786768;"W";0;1024;1024;"buffer"
34189786769;"R";0;102400;102400;"buffer"
34189786769;"W";0;1024;1024;"buffer"
34189786770;"R";0;102400;102400;"buffer"
34189786770;"W";0;1024;1024;"buffer"
34189786771;"R";0;102400;102400;"buffer"
34189786771;"W";0;1024;1024;"buffer"
34189786772;"R";0;102400;102400;"buffer"
34189786772;"W";0;1024;1024;"buffer"
34189786773;"R";0;102400;102400;"buffer"
34189786773;"W";0;1024;1024;"buffer"
34189786774;"R";0;102400;102400;"buffer"
34189786774;"W";0;1024;1024;"buffer"
34189786775;"R";0;102400;102400;"buffer"
34189786775;"W";0;1024;1024;"buffer"
34189786776;"R";0;102400;102400;"buffer"
34189786776;"W";0;1024;1024;"buffer"
34189786777;"R";0;102400;102400;"buffer"
34189786777;"W";0;1024;1024;"buffer"
34189786778;"R";0;102400;102400;"buffer"
34189786778;"W";0;1024;1024;"buffer"
34189786779;"R";0;102400;102400;"buffer"
34189786779;"W";0;1024;1024;"buffer"
34189786780;"R";0;102400;102400;"buffer"
34189786780;"W";0;1024;1024;"buffer"
34189786781;"R";0;102400;102400;"buffer"
34189786781;"W";0;1024;1024;"buffer"
34189786782;"R";0;102400;102400;"buffer"
34189786782;"W";0;1024;1024;"buffer"
34189786783;"R";0;102400;102400;"buffer"
34189786783;"W";0;1024;1024;"buffer"
34189786784;"R";0;102400;102400;"buffer"
34189786784;"W";0;1024;1024;"buffer"
34189786785;"R";0;102400;102400;"buffer"
34189786785;"W";0;1024;1024;"buffer"
34189786786;"R";0;102400;102400;"buffer"
34189786786;"W";0;1024;1024;"buffer"
34189786787;"R";0;102400;102400;"buffer"
34189786787;"W";0;1024;1024;"buffer"
34189786788;"R";0;102400;102400;"buffer"
34189786788;"W";0;1024;1024;"buffer"
34189786789;"R";0;102400;102400;"buffer"
34189786789;"W";0;1024;1024;"buffer"
34189786790;"R";0;102400;102400;"buffer"
34189786790;"W";0;1024;1024;"buffer"
34189786791;"R";0;102400;102400;"buffer"
34189786791;"W";0;1024;1024;"buffer"
34189786792;"R";0;102400;102400;"buffer"
34189786792;"W";0;1024;1024;"buffer"
34189786793;"R";0;102400;102400;"buffer"
34189786793;"W";0;1024;1024;"buffer"
34189786794;"R";0;102400;102400;"buffer"
34189786794;"W";0;1024;1024;"buffer"
34189786795;"R";0;102400;102400;"buffer"
34189786795;"W";0;1024;1024;"buffer"
34189786796;"R";0;102400;102400;"buffer"
34189786796;"W";0;1024;1024;"buffer"
34189786797;"R";0;102400;102400;"buffer"
34189786797;"W";0;1024;1024;"buffer"
34189786798;"R";0;102400;102400;"buffer"
34189786798;"W";0;1024;1024;"buffer"
34189786799;"R";0;102400;102400;"buffer"
34189786799;"W";0;1024;1024;"buffer"
34189786800;"R";0;102400;102400;"buffer"
34189786800;"W";0;1024;1024;"buffer"
34189786801;"R";0;102400;102400;"buffer"
34189786801;"W";0;1024;1024;"buffer"
34189786802;"R";0;102400;102400;"buffer"
34189786802;"W";0;1024;1024;"buffer"
34189786803;"R";0;102400;102400;"buffer"
34189786803;"W";0;1024;1024;"buffer"
34189786804;"R";0;102400;102400;"buffer"
34189786804;"W";0;1024;1024;"buffer"
34189786805;"R";0;102400;102400;"buffer"
34189786805;"W";0;1024;1024;"buffer"
34189786806;"R";0;102400;102400;"buffer"
34189786806;"W";0;1024;1024;"buffer"
34189786807;"R";0;102400;102400;"buffer"
34189786807;"W";0;1024;1024;"buffer"
34189786808;"R";0;102400;102400;"buffer"
34189786808;"W";0;1024;1024;"buffer"
34189786809;"R";0;102400;102400;"buffer"
34189786809;"W";0;1024;1024;"buffer"
34189786810;"R";0;102400;102400;"buffer"
34189786810;"W";0;1024;1024;"buffer"
34189786811;"R";0;102400;102400;"buffer"
34189786811;"W";0;1024;1024;"buffer"
34189786812;"R";0;102400;102400;"buffer"
34189786812;"W";0;1024;1024;"buffer"
34189786813;"R";0;102400;102400;"buffer"
34189786813;"W";0;1024;1024;"buffer"
34189786814;"R";0;102400;102400;"buffer"
34189786814;"W";0;1024;1024;"buffer"
34189786815;"R";0;102400;102400;"buffer"
34189786815;"W";0;1024;1024;"buffer"
34189786816;"R";0;102400;102400;"buffer"
34189786816;"W";0;1024;1024;"buffer"
34189786817;"R";0;102400;102400;"buffer"
34189786817;"W";0;1024;1024;"buffer"
34189786818;"R";0;102400;102400;"buffer"
34189786818;"W";0;1024;1024;"buffer"
34189786819;"R";0;102400;102400;"buffer"
34189786819;"W";0;1024;1024;"buffer"
34189786820;"R";0;102400;102400;"buffer"
34189786820;"W";0;1024;1024;"buffer"
34189786821;"R";0;102400;102400;"buffer"
34189786821;"W";0;1024;1024;"buffer"
34189786822;"R";0;102400;102400;"buffer"
34189786822;"W";0;1024;1024;"buffer"
34189786823;"R";0;102400;102400;"buffer"
34189786823;"W";0;1024;1024;"buffer"
34189786824;"R";0;102400;102400;"buffer"
34189786824;"W";0;1024;1024;"buffer"
34189786825;"R";0;102400;102400;"buffer"
34189786825;"W";0;1024;1024;"buffer"
34189786826;"R";0;102400;102400;"buffer"
34189786826;"W";0;1024;1024;"buffer"
34189786827;"R";0;102400;102400;"buffer"
34189786827;"W";0;1024;1024;"buffer"
34189786828;"R";0;102400;102400;"buffer"
34189786828;"W";0;1024;1024;"buffer"
34189786829;"R";0;102400;102400;"buffer"
34189786829;"W";0;1024;1024;"buffer"
34189786830;"R";0;102400;102400;"buffer"
34189786830;"W";0;1024;1024;"buffer"
34189786831;"R";0;102400;102400;"buffer"
34189786831;"W";0;1024;1024;"buffer"
34189786832;"R";0;102400;102400;"buffer"
34189786832;"W";0;1024;1024;"buffer"
34189786833;"R";0;102400;102400;"buffer"
34189786833;"W";0;1024;1024;"buffer"
34189786834;"R";0;102400;102400;"buffer"
34189786834;"W";0;1024;1024;"buffer"
34189786835;"R";0;102400;102400;"buffer"
34189786835;"W";0;1024;1024;"buffer"
34189786836;"R";0;102400;102400;"buffer"
34189786836;"W";0;1024;1024;"buffer"
34189786837;"R";0;102400;102400;"buffer"
34189786837;"W";0;1024;1024;"buffer"
34189786838;"R";0;102400;102400;"buffer"
34189786838;"W";0;1024;1024;"buffer"
34189786839;"R";0;102400;102400;"buffer"
34189786839;"W";0;1024;1024;"buffer"
34189786840;"R";0;102400;102400;"buffer"
34189786840;"W";0;1024;1024;"buffer"
34189786841;"R";0;102400;102400;"buffer"
34189786841;"W";0;1024;1024;"buffer"
34189786842;"R";0;102400;102400;"buffer"
34189786842;"W";0;1024;1024;"buffer"
34189786843;"R";0;102400;102400;"buffer"
34189786843;"W";0;1024;1024;"buffer"
34189786844;"R";0;102400;102400;"buffer"
34189786844;"W";0;1024;1024;"buffer"
34189786845;"R";0;102400;102400;"buffer"
34189786845;"W";0;1024;1024;"buffer"
34189786846;"R";0;102400;102400;"buffer"
34189786846;"W";0;1024;1024;"buffer"
34189786847;"R";0;102400;102400;"buffer"
34189786847;"W";0;1024;1024;"buffer"
34189786848;"R";0;102400;102400;"buffer"
34189786848;"W";0;1024;1024;"buffer"
34189786849;"R";0;102400;102400;"buffer"
34189786849;"W";0;1024;1024;"buffer"
34189786850;"R";0;102400;102400;"buffer"
34189786850;"W";0;1024;1024;"buffer"
34189786851;"R";0;102400;102400;"buffer"
34189786851;"W";0;1024;1024;"buffer"
34189786852;"R";0;102400;102400;"buffer"
34189786852;"W";0;1024;1024;"buffer"
34189786853;"R";0;102400;102400;"buffer"
34189786853;"W";0;1024;1024;"buffer"
34189786854;"R";0;102400;102400;"buffer"
34189786854;"W";0;1024;1024;"buffer"
34189786855;"R";0;102400;102400;"buffer"
34189786855;"W";0;1024;1024;"buffer"
34189786856;"R";0;102400;102400;"buffer"
34189786856;"W";0;1024;1024;"buffer"
34189786857;"R";0;102400;102400;"buffer"
34189786857;"W";0;1024;1024;"buffer"
34189786858;"R";0;102400;102400;"buffer"
34189786858;"W";0;1024;1024;"buffer"
34189786859;"R";0;102400;102400;"buffer"
34189786859;"W";0;1024;1024;"buffer"
34189786860;"R";0;102400;102400;"buffer"
34189786860;"W";0;1024;1024;"buffer"
34189786861;"R";0;102400;102400;"buffer"
34189786861;"W";0;1024;1024;"buffer"
34189786862;"R";0;102400;102400;"buffer"
34189786862;"W";0;1024;1024;"buffer"
34189786863;"R";0;102400;102400;"buffer"
34189786863;"W";0;1024;1024;"buffer"
34189786864;"R";0;102400;102400;"buffer"
34189786864;"W";0;1024;1024;"buffer"
34189786865;"R";0;102400;102400;"buffer"
34189786865;"W";0;1024;1024;"buffer"
34189786866;"R";0;102400;102400;"buffer"
34189786866;"W";0;1024;1024;"buffer"
34189786867;"R";0;102400;102400;"buffer"
34189786867;"W";0;1024;1024;"buffer"
34189786868;"R";0;102400;102400;"buffer"
34189786868;"W";0;1024;1024;"buffer"
34189786869;"R";0;102400;102400;"buffer"
34189786869;"W";0;1024;1024;"buffer"
34189786870;"R";0;102400;102400;"buffer"
34189786870;"W";0;1024;1024;"buffer"
34189786871;"R";0;102400;102400;"buffer"
34189786871;"W";0;1024;1024;"buffer"
34189786872;"R";0;102400;102400;"buffer"
34189786872;"W";0;1024;1024;"buffer"
34189786873;"R";0;102400;102400;"buffer"
34189786873;"W";0;1024;1024;"buffer"
34189786874;"R";0;102400;102400;"buffer"
34189786874;"W";0;1024;1024;"buffer"
34189786875;"R";0;102400;102400;"buffer"
34189786875;"W";0;1024;1024;"buffer"
34189786876;"R";0;102400;102400;"buffer"
34189786876;"W";0;1024;1024;"buffer"
34189786877;"R";0;102400;102400;"buffer"
34189786877;"W";0;1024;1024;"buffer"
34189786878;"R";0;102400;102400;"buffer"
34189786878;"W";0;1024;1024;"buffer"
34189786879;"R";0;102400;102400;"buffer"
34189786879;"W";0;1024;1024;"buffer"
34189786880;"R";0;102400;102400;"buffer"
34189786880;"W";0;1024;1024;"buffer"
34189786881;"R";0;102400;102400;"buffer"
34189786881;"W";0;1024;1024;"buffer"
34189786882;"R";0;102400;102400;"buffer"
34189786882;"W";0;1024;1024;"buffer"
34189786883;"R";0;102400;102400;"buffer"
34189786883;"W";0;1024;1024;"buffer"
34189786884;"R";0;102400;102400;"buffer"
34189786884;"W";0;1024;1024;"buffer"
34189786885;"R";0;102400;102400;"buffer"
34189786885;"W";0;1024;1024;"buffer"
34189786886;"R";0;102400;102400;"buffer"
34189786886;"W";0;1024;1024;"buffer"
34189786887;"R";0;102400;102400;"buffer"
34189786887;"W";0;1024;1024;"buffer"
34189786888;"R";0;102400;102400;"buffer"
34189786888;"W";0;1024;1024;"buffer"
34189786889;"R";0;102400;102400;"buffer"
34189786889;"W";0;1024;1024;"buffer"
34189786890;"R";0;102400;102400;"buffer"
34189786890;"W";0;1024;1024;"buffer"
34189786891;"R";0;102400;102400;"buffer"
34189786891;"W";0;1024;1024;"buffer"
34189786892;"R";0;102400;102400;"buffer"
34189786892;"W";0;1024;1024;"buffer"
34189786893;"R";0;102400;102400;"buffer"
34189786893;"W";0;1024;1024;"buffer"
34189786894;"R";0;102400;102400;"buffer"
34189786894;"W";0;1024;1024;"buffer"
34189786895;"R";0;102400;102400;"buffer"
34189786895;"W";0;1024;1024;"buffer"
34189786896;"R";0;102400;102400;"buffer"
34189786896;"W";0;1024;1024;"buffer"
34189786897;"R";0;102400;102400;"buffer"
34189786897;"W";0;1024;1024;"buffer"
34189786898;"R";0;102400;102400;"buffer"
34189786898;"W";0;1024;1024;"buffer"
34189786899;"R";0;102400;102400;"buffer"
34189786899;"W";0;1024;1024;"buffer"
34189786900;"R";0;102400;102400;"buffer"
34189786900;"W";0;1024;1024;"buffer"
34189786901;"R";0;102400;102400;"buffer"
34189786901;"W";0;1024;1024;"buffer"
34189786902;"R";0;102400;102400;"buffer"
34189786902;"W";0;1024;1024;"buffer"
34189786903;"R";0;102400;102400;"buffer"
34189786903;"W";0;1024;1024;"buffer"
34189786904;"R";0;102400;102400;"buffer"
34189786904;"W";0;1024;1024;"buffer"
34189786905;"R";0;102400;102400;"buffer"
34189786905;"W";0;1024;1024;"buffer"
34189786906;"R";0;102400;102400;"buffer"
34189786906;"W";0;1024;1024;"buffer"
34189786907;"R";0;102400;102400;"buffer"
34189786907;"W";0;1024;1024;"buffer"
34189786908;"R";0;102400;102400;"buffer"
34189786908;"W";0;1024;1024;"buffer"
34189786909;"R";0;6400;6400;"buffer"
34189786909;"W";0;64;64;"buffer"
34189786911;"R";0;682;682;"data"
34189786911;"W";0;1024;1024;"data"
34189786912;"R";0;683;683;"data"
34189786912;"W";0;1024;1024;"data"
34189786913;"R";0;683;683;"data"
34189786913;"W";0;1024;1024;"data"
34189786914;"R";0;682;682;"data"
34189786914;"W";0;1024;1024;"data"
34189786915;"R";0;683;683;"data"
34189786915;"W";0;1024;1024;"data"
34189786916;"R";0;682;682;"data"
34189786916;"W";0;1024;1024;"data"
34189786917;"R";0;684;684;"data"
34189786917;"W";0;1024;1024;"data"
34189786918;"R";0;682;682;"data"
34189786918;"W";0;1024;1024;"data"
34189786919;"R";0;683;683;"data"
34189786919;"W";0;1024;1024;"data"
34189786920;"R";0;682;682;"data"
34189786920;"W";0;1024;1024;"data"
34189786921;"R";0;683;683;"data"
34189786921;"W";0;1024;1024;"data"
34189786922;"R";0;683;683;"data"
34189786922;"W";0;1024;1024;"data"
34189786923;"R";0;682;682;"data"
34189786923;"W";0;1024;1024;"data"
34189786924;"R";0;683;683;"data"
34189786924;"W";0;1024;1024;"data"
34189786925;"R";0;682;682;"data"
34189786925;"W";0;1024;1024;"data"
34189786926;"R";0;684;684;"data"
34189786926;"W";0;1024;1024;"data"
34189786927;"R";0;682;682;"data"
34189786927;"W";0;1024;1024;"data"
34189786928;"R";0;683;683;"data"
34189786928;"W";0;1024;1024;"data"
34189786929;"R";0;682;682;"data"
34189786929;"W";0;1024;1024;"data"
34189786930;"R";0;683;683;"data"
34189786930;"W";0;1024;1024;"data"
34189786931;"R";0;683;683;"data"
34189786931;"W";0;1024;1024;"data"
34189786932;"R";0;682;682;"data"
34189786932;"W";0;1024;1024;"data"
34189786933;"R";0;683;683;"data"
34189786933;"W";0;1024;1024;"data"
34189786934;"R";0;682;682;"data"
34189786934;"W";0;1024;1024;"data"
34189786935;"R";0;684;684;"data"
34189786935;"W";0;1024;1024;"data"
34189786936;"R";0;682;682;"data"
34189786936;"W";0;1024;1024;"data"
34189786937;"R";0;683;683;"data"
34189786937;"W";0;1024;1024;"data"
34189786938;"R";0;682;682;"data"
34189786938;"W";0;1024;1024;"data"
34189786939;"R";0;683;683;"data"
34189786939;"W";0;1024;1024;"data"
34189786940;"R";0;683;683;"data"
34189786940;"W";0;1024;1024;"data"
34189786941;"R";0;682;682;"data"
34189786941;"W";0;1024;1024;"data"
34189786942;"R";0;683;683;"data"
34189786942;"W";0;1024;1024;"data"
34189786943;"R";0;682;682;"data"
34189786943;"W";0;1024;1024;"data"
34189786944;"R";0;684;684;"data"
34189786944;"W";0;1024;1024;"data"
34189786945;"R";0;682;682;"data"
34189786945;"W";0;1024;1024;"data"
34189786946;"R";0;683;683;"data"
34189786946;"W";0;1024;1024;"data"
34189786947;"R";0;682;682;"data"
34189786947;"W";0;1024;1024;"data"
34189786948;"R";0;683;683;"data"
34189786948;"W";0;1024;1024;"data"
34189786949;"R";0;683;683;"data"
34189786949;"W";0;1024;1024;"data"
34189786950;"R";0;682;682;"data"
34189786950;"W";0;1024;1024;"data"
34189786951;"R";0;683;683;"data"
34189786951;"W";0;1024;1024;"data"
34189786952;"R";0;682;682;"data"
34189786952;"W";0;1024;1024;"data"
34189786953;"R";0;684;684;"data"
34189786953;"W";0;1024;1024;"data"
34189786954;"R";0;682;682;"data"
34189786954;"W";0;1024;1024;"data"
34189786955;"R";0;683;683;"data"
34189786955;"W";0;1024;1024;"data"
34189786956;"R";0;682;682;"data"
34189786956;"W";0;1024;1024;"data"
34189786957;"R";0;683;683;"data"
34189786957;"W";0;1024;1024;"data"
34189786958;"R";0;683;683;"data"
34189786958;"W";0;1024;1024;"data"
34189786959;"R";0;682;682;"data"
34189786959;"W";0;1024;1024;"data"
34189786960;"R";0;683;683;"data"
34189786960;"W";0;1024;1024;"data"
34189786961;"R";0;682;682;"data"
34189786961;"W";0;1024;1024;"data"
34189786962;"R";0;684;684;"data"
34189786962;"W";0;1024;1024;"data"
34189786963;"R";0;682;682;"data"
34189786963;"W";0;1024;1024;"data"
34189786964;"R";0;683;683;"data"
34189786964;"W";0;1024;1024;"data"
34189786965;"R";0;682;682;"data"
34189786965;"W";0;1024;1024;"data"
34189786966;"R";0;683;683;"data"
34189786966;"W";0;1024;1024;"data"
34189786967;"R";0;683;683;"data"
34189786967;"W";0;1024;1024;"data"
34189786968;"R";0;682;682;"data"
34189786968;"W";0;1024;1024;"data"
34189786969;"R";0;683;683;"data"
34189786969;"W";0;1024;1024;"data"
34189786970;"R";0;682;682;"data"
34189786970;"W";0;1024;1024;"data"
34189786971;"R";0;684;684;"data"
34189786971;"W";0;1024;1024;"data"
34189786972;"R";0;682;682;"data"
34189786972;"W";0;1024;1024;"data"
34189786973;"R";0;683;683;"data"
34189786973;"W";0;1024;1024;"data"
34189786974;"R";0;682;682;"data"
34189786974;"W";0;1024;1024;"data"
34189786975;"R";0;683;683;"data"
34189786975;"W";0;1024;1024;"data"
34189786976;"R";0;683;683;"data"
34189786976;"W";0;1024;1024;"data"
34189786977;"R";0;682;682;"data"
34189786977;"W";0;1024;1024;"data"
34189786978;"R";0;683;683;"data"
34189786978;"W";0;1024;1024;"data"
34189786979;"R";0;682;682;"data"
34189786979;"W";0;1024;1024;"data"
34189786980;"R";0;684;684;"data"
34189786980;"W";0;1024;1024;"data"
34189786981;"R";0;682;682;"data"
34189786981;"W";0;1024;1024;"data"
34189786982;"R";0;683;683;"data"
34189786982;"W";0;1024;1024;"data"
34189786983;"R";0;682;682;"data"
34189786983;"W";0;1024;1024;"data"
34189786984;"R";0;683;683;"data"
34189786984;"W";0;1024;1024;"data"
34189786985;"R";0;683;683;"data"
34189786985;"W";0;1024;1024;"data"
34189786986;"R";0;682;682;"data"
34189786986;"W";0;1024;1024;"data"
34189786987;"R";0;683;683;"data"
34189786987;"W";0;1024;1024;"data"
34189786988;"R";0;682;682;"data"
34189786988;"W";0;1024;1024;"data"
34189786989;"R";0;684;684;"data"
34189786989;"W";0;1024;1024;"data"
34189786990;"R";0;682;682;"data"
34189786990;"W";0;1024;1024;"data"
34189786991;"R";0;683;683;"data"
34189786991;"W";0;1024;1024;"data"
34189786992;"R";0;682;682;"data"
34189786992;"W";0;1024;1024;"data"
34189786993;"R";0;683;683;"data"
34189786993;"W";0;1024;1024;"data"
34189786994;"R";0;683;683;"data"
34189786994;"W";0;1024;1024;"data"
34189786995;"R";0;682;682;"data"
34189786995;"W";0;1024;1024;"data"
34189786996;"R";0;683;683;"data"
34189786996;"W";0;1024;1024;"data"
34189786997;"R";0;682;682;"data"
34189786997;"W";0;1024;1024;"data"
34189786998;"R";0;684;684;"data"
34189786998;"W";0;1024;1024;"data"
34189786999;"R";0;682;682;"data"
34189786999;"W";0;1024;1024;"data"
34189787000;"R";0;683;683;"data"
34189787000;"W";0;1024;1024;"data"
34189787001;"R";0;682;682;"data"
34189787001;"W";0;1024;1024;"data"
34189787002;"R";0;683;683;"data"
34189787002;"W";0;1024;1024;"data"
34189787003;"R";0;683;683;"data"
34189787003;"W";0;1024;1024;"data"
34189787004;"R";0;682;682;"data"
34189787004;"W";0;1024;1024;"data"
34189787005;"R";0;683;683;"data"
34189787005;"W";0;1024;1024;"data"
34189787006;"R";0;682;682;"data"
34189787006;"W";0;1024;1024;"data"
34189787007;"R";0;684;684;"data"
34189787007;"W";0;1024;1024;"data"
34189787008;"R";0;682;682;"data"
34189787008;"W";0;1024;1024;"data"
34189787009;"R";0;683;683;"data"
34189787009;"W";0;1024;1024;"data"
34189787010;"R";0;682;682;"data"
34189787010;"W";0;1024;1024;"data"
34189787011;"R";0;683;683;"data"
34189787011;"W";0;1024;1024;"data"
34189787012;"R";0;683;683;"data"
34189787012;"W";0;1024;1024;"data"
34189787013;"R";0;682;682;"data"
34189787013;"W";0;1024;1024;"data"
34189787014;"R";0;683;683;"data"
34189787014;"W";0;1024;1024;"data"
34189787015;"R";0;682;682;"data"
34189787015;"W";0;1024;1024;"data"
34189787016;"R";0;684;684;"data"
34189787016;"W";0;1024;1024;"data"
34189787017;"R";0;682;682;"data"
34189787017;"W";0;1024;1024;"data"
34189787018;"R";0;683;683;"data"
34189787018;"W";0;1024;1024;"data"
34189787019;"R";0;682;682;"data"
34189787019;"W";0;1024;1024;"data"
34189787020;"R";0;683;683;"data"
34189787020;"W";0;1024;1024;"data"
34189787021;"R";0;683;683;"data"
34189787021;"W";0;1024;1024;"data"
34189787022;"R";0;682;682;"data"
34189787022;"W";0;1024;1024;"data"
34189787023;"R";0;683;683;"data"
34189787023;"W";0;1024;1024;"data"
34189787024;"R";0;682;682;"data"
34189787024;"W";0;1024;1024;"data"
34189787025;"R";0;684;684;"data"
34189787025;"W";0;1024;1024;"data"
34189787026;"R";0;682;682;"data"
34189787026;"W";0;1024;1024;"data"
34189787027;"R";0;683;683;"data"
34189787027;"W";0;1024;1024;"data"
34189787028;"R";0;682;682;"data"
34189787028;"W";0;1024;1024;"data"
34189787029;"R";0;683;683;"data"
34189787029;"W";0;1024;1024;"data"
34189787030;"R";0;683;683;"data"
34189787030;"W";0;1024;1024;"data"
34189787031;"R";0;682;682;"data"
34189787031;"W";0;1024;1024;"data"
34189787032;"R";0;683;683;"data"
34189787032;"W";0;1024;1024;"data"
34189787033;"R";0;682;682;"data"
34189787033;"W";0;1024;1024;"data"
34189787034;"R";0;684;684;"data"
34189787034;"W";0;1024;1024;"data"
34189787035;"R";0;682;682;"data"
34189787035;"W";0;1024;1024;"data"
34189787036;"R";0;683;683;"data"
34189787036;"W";0;1024;1024;"data"
34189787037;"R";0;682;682;"data"
34189787037;"W";0;1024;1024;"data"
34189787038;"R";0;683;683;"data"
34189787038;"W";0;1024;1024;"data"
34189787039;"R";0;683;683;"data"
34189787039;"W";0;1024;1024;"data"
34189787040;"R";0;682;682;"data"
34189787040;"W";0;1024;1024;"data"
34189787041;"R";0;683;683;"data"
34189787041;"W";0;1024;1024;"data"
34189787042;"R";0;682;682;"data"
34189787042;"W";0;1024;1024;"data"
34189787043;"R";0;684;684;"data"
34189787043;"W";0;1024;1024;"data"
34189787044;"R";0;682;682;"data"
34189787044;"W";0;1024;1024;"data"
34189787045;"R";0;683;683;"data"
34189787045;"W";0;1024;1024;"data"
34189787046;"R";0;682;682;"data"
34189787046;"W";0;1024;1024;"data"
34189787047;"R";0;683;683;"data"
34189787047;"W";0;1024;1024;"data"
34189787048;"R";0;683;683;"data"
34189787048;"W";0;1024;1024;"data"
34189787049;"R";0;682;682;"data"
34189787049;"W";0;1024;1024;"data"
34189787050;"R";0;683;683;"data"
34189787050;"W";0;1024;1024;"data"
34189787051;"R";0;682;682;"data"
34189787051;"W";0;1024;1024;"data"
34189787052;"R";0;684;684;"data"
34189787052;"W";0;1024;1024;"data"
34189787053;"R";0;682;682;"data"
34189787053;"W";0;1024;1024;"data"
34189787054;"R";0;683;683;"data"
34189787054;"W";0;1024;1024;"data"
34189787055;"R";0;682;682;"data"
34189787055;"W";0;1024;1024;"data"
34189787056;"R";0;683;683;"data"
34189787056;"W";0;1024;1024;"data"
34189787057;"R";0;683;683;"data"
34189787057;"W";0;1024;1024;"data"
34189787058;"R";0;682;682;"data"
34189787058;"W";0;1024;1024;"data"
34189787059;"R";0;683;683;"data"
34189787059;"W";0;1024;1024;"data"
34189787060;"R";0;682;682;"data"
34189787060;"W";0;1024;1024;"data"
34189787061;"R";0;684;684;"data"
34189787061;"W";0;1024;1024;"data"
34189787062;"R";0;682;682;"data"
34189787062;"W";0;1024;1024;"data"
34189787063;"R";0;683;683;"data"
34189787063;"W";0;1024;1024;"data"
34189787064;"R";0;682;682;"data"
34189787064;"W";0;1024;1024;"data"
34189787065;"R";0;683;683;"data"
34189787065;"W";0;1024;1024;"data"
34189787066;"R";0;683;683;"data"
34189787066;"W";0;1024;1024;"data"
34189787067;"R";0;682;682;"data"
34189787067;"W";0;1024;1024;"data"
34189787068;"R";0;683;683;"data"
34189787068;"W";0;1024;1024;"data"
34189787069;"R";0;682;682;"data"
34189787069;"W";0;1024;1024;"data"
34189787070;"R";0;684;684;"data"
34189787070;"W";0;1024;1024;"data"
34189787071;"R";0;682;682;"data"
34189787071;"W";0;1024;1024;"data"
34189787072;"R";0;683;683;"data"
34189787072;"W";0;1024;1024;"data"
34189787073;"R";0;682;682;"data"
34189787073;"W";0;1024;1024;"data"
34189787074;"R";0;683;683;"data"
34189787074;"W";0;1024;1024;"data"
34189787075;"R";0;683;683;"data"
34189787075;"W";0;1024;1024;"data"
34189787076;"R";0;682;682;"data"
34189787076;"W";0;1024;1024;"data"
34189787077;"R";0;683;683;"data"
34189787077;"W";0;1024;1024;"data"
34189787078;"R";0;682;682;"data"
34189787078;"W";0;1024;1024;"data"
34189787079;"R";0;684;684;"data"
34189787079;"W";0;1024;1024;"data"
34189787080;"R";0;682;682;"data"
34189787080;"W";0;1024;1024;"data"
34189787081;"R";0;683;683;"data"
34189787081;"W";0;1024;1024;"data"
34189787082;"R";0;682;682;"data"
34189787082;"W";0;1024;1024;"data"
34189787083;"R";0;683;683;"data"
34189787083;"W";0;1024;1024;"data"
34189787084;"R";0;683;683;"data"
34189787084;"W";0;1024;1024;"data"
34189787085;"R";0;682;682;"data"
34189787085;"W";0;1024;1024;"data"
34189787086;"R";0;683;683;"data"
34189787086;"W";0;1024;1024;"data"
34189787087;"R";0;682;682;"data"
34189787087;"W";0;1024;1024;"data"
34189787088;"R";0;684;684;"data"
34189787088;"W";0;1024;1024;"data"
34189787089;"R";0;682;682;"data"
34189787089;"W";0;1024;1024;"data"
34189787090;"R";0;683;683;"data"
34189787090;"W";0;1024;1024;"data"
34189787091;"R";0;682;682;"data"
34189787091;"W";0;1024;1024;"data"
34189787092;"R";0;683;683;"data"
34189787092;"W";0;1024;1024;"data"
34189787093;"R";0;683;683;"data"
34189787093;"W";0;1024;1024;"data"
34189787094;"R";0;682;682;"data"
34189787094;"W";0;1024;1024;"data"
34189787095;"R";0;683;683;"data"
34189787095;"W";0;1024;1024;"data"
34189787096;"R";0;682;682;"data"
34189787096;"W";0;1024;1024;"data"
34189787097;"R";0;684;684;"data"
34189787097;"W";0;1024;1024;"data"
34189787098;"R";0;682;682;"data"
34189787098;"W";0;1024;1024;"data"
34189787099;"R";0;683;683;"data"
34189787099;"W";0;1024;1024;"data"
34189787100;"R";0;682;682;"data"
34189787100;"W";0;1024;1024;"data"
34189787101;"R";0;683;683;"data"
34189787101;"W";0;1024;1024;"data"
34189787102;"R";0;683;683;"data"
34189787102;"W";0;1024;1024;"data"
34189787103;"R";0;682;682;"data"
34189787103;"W";0;1024;1024;"data"
34189787104;"R";0;683;683;"data"
34189787104;"W";0;1024;1024;"data"
34189787105;"R";0;682;682;"data"
34189787105;"W";0;1024;1024;"data"
34189787106;"R";0;684;684;"data"
34189787106;"W";0;1024;1024;"data"
34189787107;"R";0;682;682;"data"
34189787107;"W";0;1024;1024;"data"
34189787108;"R";0;683;683;"data"
34189787108;"W";0;1024;1024;"data"
34189787109;"R";0;682;682;"data"
34189787109;"W";0;1024;1024;"data"
34189787110;"R";0;683;683;"data"
34189787110;"W";0;1024;1024;"data"
34189787111;"R";0;683;683;"data"
34189787111;"W";0;1024;1024;"data"
34189787112;"R";0;682;682;"data"
34189787112;"W";0;1024;1024;"data"
34189787113;"R";0;683;683;"data"
34189787113;"W";0;1024;1024;"data"
34189787114;"R";0;682;682;"data"
34189787114;"W";0;1024;1024;"data"
34189787115;"R";0;684;684;"data"
34189787115;"W";0;1024;1024;"data"
34189787116;"R";0;682;682;"data"
34189787116;"W";0;1024;1024;"data"
34189787117;"R";0;683;683;"data"
34189787117;"W";0;1024;1024;"data"
34189787118;"R";0;682;682;"data"
34189787118;"W";0;1024;1024;"data"
34189787119;"R";0;683;683;"data"
34189787119;"W";0;1024;1024;"data"
34189787120;"R";0;683;683;"data"
34189787120;"W";0;1024;1024;"data"
34189787121;"R";0;682;682;"data"
34189787121;"W";0;1024;1024;"data"
34189787122;"R";0;683;683;"data"
34189787122;"W";0;1024;1024;"data"
34189787123;"R";0;682;682;"data"
34189787123;"W";0;1024;1024;"data"
34189787124;"R";0;684;684;"data"
34189787124;"W";0;1024;1024;"data"
34189787125;"R";0;682;682;"data"
34189787125;"W";0;1024;1024;"data"
34189787126;"R";0;683;683;"data"
34189787126;"W";0;1024;1024;"data"
34189787127;"R";0;682;682;"data"
34189787127;"W";0;1024;1024;"data"
34189787128;"R";0;683;683;"data"
34189787128;"W";0;1024;1024;"data"
34189787129;"R";0;683;683;"data"
34189787129;"W";0;1024;1024;"data"
34189787130;"R";0;682;682;"data"
34189787130;"W";0;1024;1024;"data"
34189787131;"R";0;683;683;"data"
34189787131;"W";0;1024;1024;"data"
34189787132;"R";0;682;682;"data"
34189787132;"W";0;1024;1024;"data"
34189787133;"R";0;684;684;"data"
34189787133;"W";0;1024;1024;"data"
34189787134;"R";0;682;682;"data"
34189787134;"W";0;1024;1024;"data"
34189787135;"R";0;683;683;"data"
34189787135;"W";0;1024;1024;"data"
34189787136;"R";0;682;682;"data"
34189787136;"W";0;1024;1024;"data"
34189787137;"R";0;683;683;"data"
34189787137;"W";0;1024;1024;"data"
34189787138;"R";0;683;683;"data"
34189787138;"W";0;1024;1024;"data"
34189787139;"R";0;682;682;"data"
34189787139;"W";0;1024;1024;"data"
34189787140;"R";0;683;683;"data"
34189787140;"W";0;1024;1024;"data"
34189787141;"R";0;682;682;"data"
34189787141;"W";0;1024;1024;"data"
34189787142;"R";0;684;684;"data"
34189787142;"W";0;1024;1024;"data"
34189787143;"R";0;682;682;"data"
34189787143;"W";0;1024;1024;"data"
34189787144;"R";0;683;683;"data"
34189787144;"W";0;1024;1024;"data"
34189787145;"R";0;682;682;"data"
34189787145;"W";0;1024;1024;"data"
34189787146;"R";0;683;683;"data"
34189787146;"W";0;1024;1024;"data"
34189787147;"R";0;683;683;"data"
34189787147;"W";0;1024;1024;"data"
34189787148;"R";0;682;682;"data"
34189787148;"W";0;1024;1024;"data"
34189787149;"R";0;683;683;"data"
34189787149;"W";0;1024;1024;"data"
34189787150;"R";0;682;682;"data"
34189787150;"W";0;1024;1024;"data"
34189787151;"R";0;684;684;"data"
34189787151;"W";0;1024;1024;"data"
34189787152;"R";0;682;682;"data"
34189787152;"W";0;1024;1024;"data"
34189787153;"R";0;683;683;"data"
34189787153;"W";0;1024;1024;"data"
34189787154;"R";0;682;682;"data"
34189787154;"W";0;1024;1024;"data"
34189787155;"R";0;683;683;"data"
34189787155;"W";0;1024;1024;"data"
34189787156;"R";0;683;683;"data"
34189787156;"W";0;1024;1024;"data"
34189787157;"R";0;682;682;"data"
34189787157;"W";0;1024;1024;"data"
34189787158;"R";0;683;683;"data"
34189787158;"W";0;1024;1024;"data"
34189787159;"R";0;682;682;"data"
34189787159;"W";0;1024;1024;"data"
34189787160;"R";0;684;684;"data"
34189787160;"W";0;1024;1024;"data"
34189787161;"R";0;682;682;"data"
34189787161;"W";0;1024;1024;"data"
34189787162;"R";0;683;683;"data"
34189787162;"W";0;1024;1024;"data"
34189787163;"R";0;682;682;"data"
34189787163;"W";0;1024;1024;"data"
34189787164;"R";0;683;683;"data"
34189787164;"W";0;1024;1024;"data"
34189787165;"R";0;683;683;"data"
34189787165;"W";0;1024;1024;"data"
34189787166;"R";0;682;682;"data"
34189787166;"W";0;1024;1024;"data"
34189787167;"R";0;683;683;"data"
34189787167;"W";0;1024;1024;"data"
34189787168;"R";0;682;682;"data"
34189787168;"W";0;1024;1024;"data"
34189787169;"R";0;684;684;"data"
34189787169;"W";0;1024;1024;"data"
34189787170;"R";0;682;682;"data"
34189787170;"W";0;1024;1024;"data"
34189787171;"R";0;683;683;"data"
34189787171;"W";0;1024;1024;"data"
34189787172;"R";0;682;682;"data"
34189787172;"W";0;1024;1024;"data"
34189787173;"R";0;683;683;"data"
34189787173;"W";0;1024;1024;"data"
34189787174;"R";0;683;683;"data"
34189787174;"W";0;1024;1024;"data"
34189787175;"R";0;682;682;"data"
34189787175;"W";0;1024;1024;"data"
34189787176;"R";0;683;683;"data"
34189787176;"W";0;1024;1024;"data"
34189787177;"R";0;682;682;"data"
34189787177;"W";0;1024;1024;"data"
34189787178;"R";0;684;684;"data"
34189787178;"W";0;1024;1024;"data"
34189787179;"R";0;682;682;"data"
34189787179;"W";0;1024;1024;"data"
34189787180;"R";0;683;683;"data"
34189787180;"W";0;1024;1024;"data"
34189787181;"R";0;682;682;"data"
34189787181;"W";0;1024;1024;"data"
34189787182;"R";0;683;683;"data"
34189787182;"W";0;1024;1024;"data"
34189787183;"R";0;683;683;"data"
34189787183;"W";0;1024;1024;"data"
34189787184;"R";0;682;682;"data"
34189787184;"W";0;1024;1024;"data"
34189787185;"R";0;683;683;"data"
34189787185;"W";0;1024;1024;"data"
34189787186;"R";0;682;682;"data"
34189787186;"W";0;1024;1024;"data"
34189787187;"R";0;684;684;"data"
34189787187;"W";0;1024;1024;"data"
34189787188;"R";0;682;682;"data"
34189787188;"W";0;1024;1024;"data"
34189787189;"R";0;683;683;"data"
34189787189;"W";0;1024;1024;"data"
34189787190;"R";0;682;682;"data"
34189787190;"W";0;1024;1024;"data"
34189787191;"R";0;683;683;"data"
34189787191;"W";0;1024;1024;"data"
34189787192;"R";0;683;683;"data"
34189787192;"W";0;1024;1024;"data"
34189787193;"R";0;682;682;"data"
34189787193;"W";0;1024;1024;"data"
34189787194;"R";0;683;683;"data"
34189787194;"W";0;1024;1024;"data"
34189787195;"R";0;682;682;"data"
34189787195;"W";0;1024;1024;"data"
34189787196;"R";0;684;684;"data"
34189787196;"W";0;1024;1024;"data"
34189787197;"R";0;682;682;"data"
34189787197;"W";0;1024;1024;"data"
34189787198;"R";0;683;683;"data"
34189787198;"W";0;1024;1024;"data"
34189787199;"R";0;682;682;"data"
34189787199;"W";0;1024;1024;"data"
34189787200;"R";0;683;683;"data"
34189787200;"W";0;1024;1024;"data"
34189787201;"R";0;683;683;"data"
34189787201;"W";0;1024;1024;"data"
34189787202;"R";0;682;682;"data"
34189787202;"W";0;1024;1024;"data"
34189787203;"R";0;683;683;"data"
34189787203;"W";0;1024;1024;"data"
34189787204;"R";0;682;682;"data"
34189787204;"W";0;1024;1024;"data"
34189787205;"R";0;684;684;"data"
34189787205;"W";0;1024;1024;"data"
34189787206;"R";0;682;682;"data"
34189787206;"W";0;1024;1024;"data"
34189787207;"R";0;683;683;"data"
34189787207;"W";0;1024;1024;"data"
34189787208;"R";0;682;682;"data"
34189787208;"W";0;1024;1024;"data"
34189787209;"R";0;683;683;"data"
34189787209;"W";0;1024;1024;"data"
34189787210;"R";0;683;683;"data"
34189787210;"W";0;1024;1024;"data"
34189787211;"R";0;682;682;"data"
34189787211;"W";0;1024;1024;"data"
34189787212;"R";0;683;683;"data"
34189787212;"W";0;1024;1024;"data"
34189787213;"R";0;682;682;"data"
34189787213;"W";0;1024;1024;"data"
34189787214;"R";0;684;684;"data"
34189787214;"W";0;1024;1024;"data"
34189787215;"R";0;682;682;"data"
34189787215;"W";0;1024;1024;"data"
34189787216;"R";0;683;683;"data"
34189787216;"W";0;1024;1024;"data"
34189787217;"R";0;682;682;"data"
34189787217;"W";0;1024;1024;"data"
34189787218;"R";0;683;683;"data"
34189787218;"W";0;1024;1024;"data"
34189787219;"R";0;683;683;"data"
34189787219;"W";0;1024;1024;"data"
34189787220;"R";0;682;682;"data"
34189787220;"W";0;1024;1024;"data"
34189787221;"R";0;683;683;"data"
34189787221;"W";0;1024;1024;"data"
34189787222;"R";0;682;682;"data"
34189787222;"W";0;1024;1024;"data"
34189787223;"R";0;684;684;"data"
34189787223;"W";0;1024;1024;"data"
34189787224;"R";0;682;682;"data"
34189787224;"W";0;1024;1024;"data"
34189787225;"R";0;683;683;"data"
34189787225;"W";0;1024;1024;"data"
34189787226;"R";0;682;682;"data"
34189787226;"W";0;1024;1024;"data"
34189787227;"R";0;683;683;"data"
34189787227;"W";0;1024;1024;"data"
34189787228;"R";0;683;683;"data"
34189787228;"W";0;1024;1024;"data"
34189787229;"R";0;682;682;"data"
34189787229;"W";0;1024;1024;"data"
34189787230;"R";0;683;683;"data"
34189787230;"W";0;1024;1024;"data"
34189787231;"R";0;682;682;"data"
34189787231;"W";0;1024;1024;"data"
34189787232;"R";0;684;684;"data"
34189787232;"W";0;1024;1024;"data"
34189787233;"R";0;682;682;"data"
34189787233;"W";0;1024;1024;"data"
34189787234;"R";0;683;683;"data"
34189787234;"W";0;1024;1024;"data"
34189787235;"R";0;682;682;"data"
34189787235;"W";0;1024;1024;"data"
34189787236;"R";0;683;683;"data"
34189787236;"W";0;1024;1024;"data"
34189787237;"R";0;683;683;"data"
34189787237;"W";0;1024;1024;"data"
34189787238;"R";0;682;682;"data"
34189787238;"W";0;1024;1024;"data"
34189787239;"R";0;683;683;"data"
34189787239;"W";0;1024;1024;"data"
34189787240;"R";0;682;682;"data"
34189787240;"W";0;1024;1024;"data"
34189787241;"R";0;684;684;"data"
34189787241;"W";0;1024;1024;"data"
34189787242;"R";0;682;682;"data"
34189787242;"W";0;1024;1024;"data"
34189787243;"R";0;683;683;"data"
34189787243;"W";0;1024;1024;"data"
34189787244;"R";0;682;682;"data"
34189787244;"W";0;1024;1024;"data"
34189787245;"R";0;683;683;"data"
34189787245;"W";0;1024;1024;"data"
34189787246;"R";0;683;683;"data"
34189787246;"W";0;1024;1024;"data"
34189787247;"R";0;682;682;"data"
34189787247;"W";0;1024;1024;"data"
34189787248;"R";0;683;683;"data"
34189787248;"W";0;1024;1024;"data"
34189787249;"R";0;682;682;"data"
34189787249;"W";0;1024;1024;"data"
34189787250;"R";0;684;684;"data"
34189787250;"W";0;1024;1024;"data"
34189787251;"R";0;682;682;"data"
34189787251;"W";0;1024;1024;"data"
34189787252;"R";0;683;683;"data"
34189787252;"W";0;1024;1024;"data"
34189787253;"R";0;682;682;"data"
34189787253;"W";0;1024;1024;"data"
34189787254;"R";0;683;683;"data"
34189787254;"W";0;1024;1024;"data"
34189787255;"R";0;683;683;"data"
34189787255;"W";0;1024;1024;"data"
34189787256;"R";0;682;682;"data"
34189787256;"W";0;1024;1024;"data"
34189787257;"R";0;683;683;"data"
34189787257;"W";0;1024;1024;"data"
34189787258;"R";0;682;682;"data"
34189787258;"W";0;1024;1024;"data"
34189787259;"R";0;684;684;"data"
34189787259;"W";0;1024;1024;"data"
34189787260;"R";0;682;682;"data"
34189787260;"W";0;1024;1024;"data"
34189787261;"R";0;683;683;"data"
34189787261;"W";0;1024;1024;"data"
34189787262;"R";0;682;682;"data"
34189787262;"W";0;1024;1024;"data"
34189787263;"R";0;683;683;"data"
34189787263;"W";0;1024;1024;"data"
34189787264;"R";0;683;683;"data"
34189787264;"W";0;1024;1024;"data"
34189787265;"R";0;682;682;"data"
34189787265;"W";0;1024;1024;"data"
34189787266;"R";0;683;683;"data"
34189787266;"W";0;1024;1024;"data"
34189787267;"R";0;682;682;"data"
34189787267;"W";0;1024;1024;"data"
34189787268;"R";0;684;684;"data"
34189787268;"W";0;1024;1024;"data"
34189787269;"R";0;682;682;"data"
34189787269;"W";0;1024;1024;"data"
34189787270;"R";0;683;683;"data"
34189787270;"W";0;1024;1024;"data"
34189787271;"R";0;682;682;"data"
34189787271;"W";0;1024;1024;"data"
34189787272;"R";0;683;683;"data"
34189787272;"W";0;1024;1024;"data"
34189787273;"R";0;683;683;"data"
34189787273;"W";0;1024;1024;"data"
34189787274;"R";0;682;682;"data"
34189787274;"W";0;1024;1024;"data"
34189787275;"R";0;683;683;"data"
34189787275;"W";0;1024;1024;"data"
34189787276;"R";0;682;682;"data"
34189787276;"W";0;1024;1024;"data"
34189787277;"R";0;684;684;"data"
34189787277;"W";0;1024;1024;"data"
34189787278;"R";0;682;682;"data"
34189787278;"W";0;1024;1024;"data"
34189787279;"R";0;683;683;"data"
34189787279;"W";0;1024;1024;"data"
34189787280;"R";0;682;682;"data"
34189787280;"W";0;1024;1024;"data"
34189787281;"R";0;683;683;"data"
34189787281;"W";0;1024;1024;"data"
34189787282;"R";0;683;683;"data"
34189787282;"W";0;1024;1024;"data"
34189787283;"R";0;682;682;"data"
34189787283;"W";0;1024;1024;"data"
34189787284;"R";0;683;683;"data"
34189787284;"W";0;1024;1024;"data"
34189787285;"R";0;682;682;"data"
34189787285;"W";0;1024;1024;"data"
34189787286;"R";0;684;684;"data"
34189787286;"W";0;1024;1024;"data"
34189787287;"R";0;682;682;"data"
34189787287;"W";0;1024;1024;"data"
34189787288;"R";0;683;683;"data"
34189787288;"W";0;1024;1024;"data"
34189787289;"R";0;682;682;"data"
34189787289;"W";0;1024;1024;"data"
34189787290;"R";0;683;683;"data"
34189787290;"W";0;1024;1024;"data"
34189787291;"R";0;683;683;"data"
34189787291;"W";0;1024;1024;"data"
34189787292;"R";0;682;682;"data"
34189787292;"W";0;1024;1024;"data"
34189787293;"R";0;683;683;"data"
34189787293;"W";0;1024;1024;"data"
34189787294;"R";0;682;682;"data"
34189787294;"W";0;1024;1024;"data"
34189787295;"R";0;684;684;"data"
34189787295;"W";0;1024;1024;"data"
34189787296;"R";0;682;682;"data"
34189787296;"W";0;1024;1024;"data"
34189787297;"R";0;683;683;"data"
34189787297;"W";0;1024;1024;"data"
34189787298;"R";0;682;682;"data"
34189787298;"W";0;1024;1024;"data"
34189787299;"R";0;683;683;"data"
34189787299;"W";0;1024;1024;"data"
34189787300;"R";0;683;683;"data"
34189787300;"W";0;1024;1024;"data"
34189787301;"R";0;682;682;"data"
34189787301;"W";0;1024;1024;"data"
34189787302;"R";0;683;683;"data"
34189787302;"W";0;1024;1024;"data"
34189787303;"R";0;682;682;"data"
34189787303;"W";0;1024;1024;"data"
34189787304;"R";0;684;684;"data"
34189787304;"W";0;1024;1024;"data"
34189787305;"R";0;682;682;"data"
34189787305;"W";0;1024;1024;"data"
34189787306;"R";0;683;683;"data"
34189787306;"W";0;1024;1024;"data"
34189787307;"R";0;682;682;"data"
34189787307;"W";0;1024;1024;"data"
34189787308;"R";0;683;683;"data"
34189787308;"W";0;1024;1024;"data"
34189787309;"R";0;683;683;"data"
34189787309;"W";0;1024;1024;"data"
34189787310;"R";0;682;682;"data"
34189787310;"W";0;1024;1024;"data"
34189787311;"R";0;683;683;"data"
34189787311;"W";0;1024;1024;"data"
34189787312;"R";0;682;682;"data"
34189787312;"W";0;1024;1024;"data"
34189787313;"R";0;684;684;"data"
34189787313;"W";0;1024;1024;"data"
34189787314;"R";0;682;682;"data"
34189787314;"W";0;1024;1024;"data"
34189787315;"R";0;683;683;"data"
34189787315;"W";0;1024;1024;"data"
34189787316;"R";0;682;682;"data"
34189787316;"W";0;1024;1024;"data"
34189787317;"R";0;683;683;"data"
34189787317;"W";0;1024;1024;"data"
34189787318;"R";0;683;683;"data"
34189787318;"W";0;1024;1024;"data"
34189787319;"R";0;682;682;"data"
34189787319;"W";0;1024;1024;"data"
34189787320;"R";0;683;683;"data"
34189787320;"W";0;1024;1024;"data"
34189787321;"R";0;682;682;"data"
34189787321;"W";0;1024;1024;"data"
34189787322;"R";0;684;684;"data"
34189787322;"W";0;1024;1024;"data"
34189787323;"R";0;682;682;"data"
34189787323;"W";0;1024;1024;"data"
34189787324;"R";0;683;683;"data"
34189787324;"W";0;1024;1024;"data"
34189787325;"R";0;682;682;"data"
34189787325;"W";0;1024;1024;"data"
34189787326;"R";0;683;683;"data"
34189787326;"W";0;1024;1024;"data"
34189787327;"R";0;683;683;"data"
34189787327;"W";0;1024;1024;"data"
34189787328;"R";0;682;682;"data"
34189787328;"W";0;1024;1024;"data"
34189787329;"R";0;683;683;"data"
34189787329;"W";0;1024;1024;"data"
34189787330;"R";0;682;682;"data"
34189787330;"W";0;1024;1024;"data"
34189787331;"R";0;684;684;"data"
34189787331;"W";0;1024;1024;"data"
34189787332;"R";0;682;682;"data"
34189787332;"W";0;1024;1024;"data"
34189787333;"R";0;683;683;"data"
34189787333;"W";0;1024;1024;"data"
34189787334;"R";0;682;682;"data"
34189787334;"W";0;1024;1024;"data"
34189787335;"R";0;683;683;"data"
34189787335;"W";0;1024;1024;"data"
34189787336;"R";0;683;683;"data"
34189787336;"W";0;1024;1024;"data"
34189787337;"R";0;682;682;"data"
34189787337;"W";0;1024;1024;"data"
34189787338;"R";0;683;683;"data"
34189787338;"W";0;1024;1024;"data"
34189787339;"R";0;682;682;"data"
34189787339;"W";0;1024;1024;"data"
34189787340;"R";0;684;684;"data"
34189787340;"W";0;1024;1024;"data"
34189787341;"R";0;682;682;"data"
34189787341;"W";0;1024;1024;"data"
34189787342;"R";0;683;683;"data"
34189787342;"W";0;1024;1024;"data"
34189787343;"R";0;682;682;"data"
34189787343;"W";0;1024;1024;"data"
34189787344;"R";0;683;683;"data"
34189787344;"W";0;1024;1024;"data"
34189787345;"R";0;683;683;"data"
34189787345;"W";0;1024;1024;"data"
34189787346;"R";0;682;682;"data"
34189787346;"W";0;1024;1024;"data"
34189787347;"R";0;683;683;"data"
34189787347;"W";0;1024;1024;"data"
34189787348;"R";0;682;682;"data"
34189787348;"W";0;1024;1024;"data"
34189787349;"R";0;684;684;"data"
34189787349;"W";0;1024;1024;"data"
34189787350;"R";0;682;682;"data"
34189787350;"W";0;1024;1024;"data"
34189787351;"R";0;683;683;"data"
34189787351;"W";0;1024;1024;"data"
34189787352;"R";0;682;682;"data"
34189787352;"W";0;1024;1024;"data"
34189787353;"R";0;683;683;"data"
34189787353;"W";0;1024;1024;"data"
34189787354;"R";0;683;683;"data"
34189787354;"W";0;1024;1024;"data"
34189787355;"R";0;682;682;"data"
34189787355;"W";0;1024;1024;"data"
34189787356;"R";0;683;683;"data"
34189787356;"W";0;1024;1024;"data"
34189787357;"R";0;682;682;"data"
34189787357;"W";0;1024;1024;"data"
34189787358;"R";0;684;684;"data"
34189787358;"W";0;1024;1024;"data"
34189787359;"R";0;682;682;"data"
34189787359;"W";0;1024;1024;"data"
34189787360;"R";0;683;683;"data"
34189787360;"W";0;1024;1024;"data"
34189787361;"R";0;682;682;"data"
34189787361;"W";0;1024;1024;"data"
34189787362;"R";0;683;683;"data"
34189787362;"W";0;1024;1024;"data"
34189787363;"R";0;683;683;"data"
34189787363;"W";0;1024;1024;"data"
34189787364;"R";0;682;682;"data"
34189787364;"W";0;1024;1024;"data"
34189787365;"R";0;683;683;"data"
34189787365;"W";0;1024;1024;"data"
34189787366;"R";0;682;682;"data"
34189787366;"W";0;1024;1024;"data"
34189787367;"R";0;684;684;"data"
34189787367;"W";0;1024;1024;"data"
34189787368;"R";0;682;682;"data"
34189787368;"W";0;1024;1024;"data"
34189787369;"R";0;683;683;"data"
34189787369;"W";0;1024;1024;"data"
34189787370;"R";0;682;682;"data"
34189787370;"W";0;1024;1024;"data"
34189787371;"R";0;683;683;"data"
34189787371;"W";0;1024;1024;"data"
34189787372;"R";0;683;683;"data"
34189787372;"W";0;1024;1024;"data"
34189787373;"R";0;682;682;"data"
34189787373;"W";0;1024;1024;"data"
34189787374;"R";0;683;683;"data"
34189787374;"W";0;1024;1024;"data"
34189787375;"R";0;682;682;"data"
34189787375;"W";0;1024;1024;"data"
34189787376;"R";0;684;684;"data"
34189787376;"W";0;1024;1024;"data"
34189787377;"R";0;682;682;"data"
34189787377;"W";0;1024;1024;"data"
34189787378;"R";0;683;683;"data"
34189787378;"W";0;1024;1024;"data"
34189787379;"R";0;682;682;"data"
34189787379;"W";0;1024;1024;"data"
34189787380;"R";0;683;683;"data"
34189787380;"W";0;1024;1024;"data"
34189787381;"R";0;683;683;"data"
34189787381;"W";0;1024;1024;"data"
34189787382;"R";0;682;682;"data"
34189787382;"W";0;1024;1024;"data"
34189787383;"R";0;683;683;"data"
34189787383;"W";0;1024;1024;"data"
34189787384;"R";0;682;682;"data"
34189787384;"W";0;1024;1024;"data"
34189787385;"R";0;684;684;"data"
34189787385;"W";0;1024;1024;"data"
34189787386;"R";0;682;682;"data"
34189787386;"W";0;1024;1024;"data"
34189787387;"R";0;683;683;"data"
34189787387;"W";0;1024;1024;"data"
34189787388;"R";0;682;682;"data"
34189787388;"W";0;1024;1024;"data"
34189787389;"R";0;683;683;"data"
34189787389;"W";0;1024;1024;"data"
34189787390;"R";0;683;683;"data"
34189787390;"W";0;1024;1024;"data"
34189787391;"R";0;682;682;"data"
34189787391;"W";0;1024;1024;"data"
34189787392;"R";0;683;683;"data"
34189787392;"W";0;1024;1024;"data"
34189787393;"R";0;682;682;"data"
34189787393;"W";0;1024;1024;"data"
34189787394;"R";0;684;684;"data"
34189787394;"W";0;1024;1024;"data"
34189787395;"R";0;682;682;"data"
34189787395;"W";0;1024;1024;"data"
34189787396;"R";0;683;683;"data"
34189787396;"W";0;1024;1024;"data"
34189787397;"R";0;682;682;"data"
34189787397;"W";0;1024;1024;"data"
34189787398;"R";0;683;683;"data"
34189787398;"W";0;1024;1024;"data"
34189787399;"R";0;683;683;"data"
34189787399;"W";0;1024;1024;"data"
34189787400;"R";0;682;682;"data"
34189787400;"W";0;1024;1024;"data"
34189787401;"R";0;683;683;"data"
34189787401;"W";0;1024;1024;"data"
34189787402;"R";0;682;682;"data"
34189787402;"W";0;1024;1024;"data"
34189787403;"R";0;684;684;"data"
34189787403;"W";0;1024;1024;"data"
34189787404;"R";0;682;682;"data"
34189787404;"W";0;1024;1024;"data"
34189787405;"R";0;683;683;"data"
34189787405;"W";0;1024;1024;"data"
34189787406;"R";0;682;682;"data"
34189787406;"W";0;1024;1024;"data"
34189787407;"R";0;683;683;"data"
34189787407;"W";0;1024;1024;"data"
34189787408;"R";0;683;683;"data"
34189787408;"W";0;1024;1024;"data"
34189787409;"R";0;682;682;"data"
34189787409;"W";0;1024;1024;"data"
34189787410;"R";0;683;683;"data"
34189787410;"W";0;1024;1024;"data"
34189787411;"R";0;682;682;"data"
34189787411;"W";0;1024;1024;"data"
34189787412;"R";0;684;684;"data"
34189787412;"W";0;1024;1024;"data"
34189787413;"R";0;682;682;"data"
34189787413;"W";0;1024;1024;"data"
34189787414;"R";0;683;683;"data"
34189787414;"W";0;1024;1024;"data"
34189787415;"R";0;682;682;"data"
34189787415;"W";0;1024;1024;"data"
34189787416;"R";0;683;683;"data"
34189787416;"W";0;1024;1024;"data"
34189787417;"R";0;683;683;"data"
34189787417;"W";0;1024;1024;"data"
34189787418;"R";0;682;682;"data"
34189787418;"W";0;1024;1024;"data"
34189787419;"R";0;683;683;"data"
34189787419;"W";0;1024;1024;"data"
34189787420;"R";0;682;682;"data"
34189787420;"W";0;1024;1024;"data"
34189787421;"R";0;684;684;"data"
34189787421;"W";0;1024;1024;"data"
34189787422;"R";0;682;682;"data"
34189787422;"W";0;1024;1024;"data"
34189787423;"R";0;683;683;"data"
34189787423;"W";0;1024;1024;"data"
34189787424;"R";0;682;682;"data"
34189787424;"W";0;1024;1024;"data"
34189787425;"R";0;683;683;"data"
34189787425;"W";0;1024;1024;"data"
34189787426;"R";0;683;683;"data"
34189787426;"W";0;1024;1024;"data"
34189787427;"R";0;682;682;"data"
34189787427;"W";0;1024;1024;"data"
34189787428;"R";0;683;683;"data"
34189787428;"W";0;1024;1024;"data"
34189787429;"R";0;682;682;"data"
34189787429;"W";0;1024;1024;"data"
34189787430;"R";0;684;684;"data"
34189787430;"W";0;1024;1024;"data"
34189787431;"R";0;682;682;"data"
34189787431;"W";0;1024;1024;"data"
34189787432;"R";0;683;683;"data"
34189787432;"W";0;1024;1024;"data"
34189787433;"R";0;682;682;"data"
34189787433;"W";0;1024;1024;"data"
34189787434;"R";0;683;683;"data"
34189787434;"W";0;1024;1024;"data"
34189787435;"R";0;683;683;"data"
34189787435;"W";0;1024;1024;"data"
34189787436;"R";0;682;682;"data"
34189787436;"W";0;1024;1024;"data"
34189787437;"R";0;683;683;"data"
34189787437;"W";0;1024;1024;"data"
34189787438;"R";0;682;682;"data"
34189787438;"W";0;1024;1024;"data"
34189787439;"R";0;684;684;"data"
34189787439;"W";0;1024;1024;"data"
34189787440;"R";0;682;682;"data"
34189787440;"W";0;1024;1024;"data"
34189787441;"R";0;683;683;"data"
34189787441;"W";0;1024;1024;"data"
34189787442;"R";0;682;682;"data"
34189787442;"W";0;1024;1024;"data"
34189787443;"R";0;683;683;"data"
34189787443;"W";0;1024;1024;"data"
34189787444;"R";0;683;683;"data"
34189787444;"W";0;1024;1024;"data"
34189787445;"R";0;682;682;"data"
34189787445;"W";0;1024;1024;"data"
34189787446;"R";0;683;683;"data"
34189787446;"W";0;1024;1024;"data"
34189787447;"R";0;682;682;"data"
34189787447;"W";0;1024;1024;"data"
34189787448;"R";0;684;684;"data"
34189787448;"W";0;1024;1024;"data"
34189787449;"R";0;682;682;"data"
34189787449;"W";0;1024;1024;"data"
34189787450;"R";0;683;683;"data"
34189787450;"W";0;1024;1024;"data"
34189787451;"R";0;682;682;"data"
34189787451;"W";0;1024;1024;"data"
34189787452;"R";0;683;683;"data"
34189787452;"W";0;1024;1024;"data"
34189787453;"R";0;683;683;"data"
34189787453;"W";0;1024;1024;"data"
34189787454;"R";0;682;682;"data"
34189787454;"W";0;1024;1024;"data"
34189787455;"R";0;683;683;"data"
34189787455;"W";0;1024;1024;"data"
34189787456;"R";0;682;682;"data"
34189787456;"W";0;1024;1024;"data"
34189787457;"R";0;684;684;"data"
34189787457;"W";0;1024;1024;"data"
34189787458;"R";0;682;682;"data"
34189787458;"W";0;1024;1024;"data"
34189787459;"R";0;683;683;"data"
34189787459;"W";0;1024;1024;"data"
34189787460;"R";0;682;682;"data"
34189787460;"W";0;1024;1024;"data"
34189787461;"R";0;683;683;"data"
34189787461;"W";0;1024;1024;"data"
34189787462;"R";0;683;683;"data"
34189787462;"W";0;1024;1024;"data"
34189787463;"R";0;682;682;"data"
34189787463;"W";0;1024;1024;"data"
34189787464;"R";0;683;683;"data"
34189787464;"W";0;1024;1024;"data"
34189787465;"R";0;682;682;"data"
34189787465;"W";0;1024;1024;"data"
34189787466;"R";0;684;684;"data"
34189787466;"W";0;1024;1024;"data"
34189787467;"R";0;682;682;"data"
34189787467;"W";0;1024;1024;"data"
34189787468;"R";0;683;683;"data"
34189787468;"W";0;1024;1024;"data"
34189787469;"R";0;682;682;"data"
34189787469;"W";0;1024;1024;"data"
34189787470;"R";0;683;683;"data"
34189787470;"W";0;1024;1024;"data"
34189787471;"R";0;683;683;"data"
34189787471;"W";0;1024;1024;"data"
34189787472;"R";0;682;682;"data"
34189787472;"W";0;1024;1024;"data"
34189787473;"R";0;683;683;"data"
34189787473;"W";0;1024;1024;"data"
34189787474;"R";0;682;682;"data"
34189787474;"W";0;1024;1024;"data"
34189787475;"R";0;684;684;"data"
34189787475;"W";0;1024;1024;"data"
34189787476;"R";0;682;682;"data"
34189787476;"W";0;1024;1024;"data"
34189787477;"R";0;683;683;"data"
34189787477;"W";0;1024;1024;"data"
34189787478;"R";0;682;682;"data"
34189787478;"W";0;1024;1024;"data"
34189787479;"R";0;683;683;"data"
34189787479;"W";0;1024;1024;"data"
34189787480;"R";0;683;683;"data"
34189787480;"W";0;1024;1024;"data"
34189787481;"R";0;682;682;"data"
34189787481;"W";0;1024;1024;"data"
34189787482;"R";0;683;683;"data"
34189787482;"W";0;1024;1024;"data"
34189787483;"R";0;682;682;"data"
34189787483;"W";0;1024;1024;"data"
34189787484;"R";0;684;684;"data"
34189787484;"W";0;1024;1024;"data"
34189787485;"R";0;682;682;"data"
34189787485;"W";0;1024;1024;"data"
34189787486;"R";0;2;2;"data"
34189787486;"W";0;4;4;"data"
34189789040;"R";0;102400;102400;"buffer2"
34189789040;"W";0;1024;1024;"buffer2"
34189789041;"R";0;102400;102400;"buffer2"
34189789041;"W";0;1024;1024;"buffer2"
34189789042;"R";0;102400;102400;"buffer2"
34189789042;"W";0;1024;1024;"buffer2"
34189789043;"R";0;102400;102400;"buffer2"
34189789043;"W";0;1024;1024;"buffer2"
34189789044;"R";0;102400;102400;"buffer2"
34189789044;"W";0;1024;1024;"buffer2"
34189789045;"R";0;102400;102400;"buffer2"
34189789045;"W";0;1024;1024;"buffer2"
34189789046;"R";0;102400;102400;"buffer2"
34189789046;"W";0;1024;1024;"buffer2"
34189789047;"R";0;102400;102400;"buffer2"
34189789047;"W";0;1024;1024;"buffer2"
34189789048;"R";0;102400;102400;"buffer2"
34189789048;"W";0;1024;1024;"buffer2"
34189789049;"R";0;102400;102400;"buffer2"
34189789049;"W";0;1024;1024;"buffer2"
34189789050;"R";0;102400;102400;"buffer2"
34189789050;"W";0;1024;1024;"buffer2"
34189789051;"R";0;102400;102400;"buffer2"
34189789051;"W";0;1024;1024;"buffer2"
34189789052;"R";0;102400;102400;"buffer2"
34189789052;"W";0;1024;1024;"buffer2"
34189789053;"R";0;102400;102400;"buffer2"
34189789053;"W";0;1024;1024;"buffer2"
34189789054;"R";0;102400;102400;"buffer2"
34189789054;"W";0;1024;1024;"buffer2"
34189789055;"R";0;102400;102400;"buffer2"
34189789055;"W";0;1024;1024;"buffer2"
34189789056;"R";0;102400;102400;"buffer2"
34189789056;"W";0;1024;1024;"buffer2"
34189789057;"R";0;102400;102400;"buffer2"
34189789057;"W";0;1024;1024;"buffer2"
34189789058;"R";0;102400;102400;"buffer2"
34189789058;"W";0;1024;1024;"buffer2"
34189789059;"R";0;102400;102400;"buffer2"
34189789059;"W";0;1024;1024;"buffer2"
34189789060;"R";0;102400;102400;"buffer2"
34189789060;"W";0;1024;1024;"buffer2"
34189789061;"R";0;102400;102400;"buffer2"
34189789061;"W";0;1024;1024;"buffer2"
34189789062;"R";0;102400;102400;"buffer2"
34189789062;"W";0;1024;1024;"buffer2"
34189789063;"R";0;102400;102400;"buffer2"
34189789063;"W";0;1024;1024;"buffer2"
34189789064;"R";0;102400;102400;"buffer2"
34189789064;"W";0;1024;1024;"buffer2"
34189789065;"R";0;102400;102400;"buffer2"
34189789065;"W";0;1024;1024;"buffer2"
34189789066;"R";0;102400;102400;"buffer2"
34189789066;"W";0;1024;1024;"buffer2"
34189789067;"R";0;102400;102400;"buffer2"
34189789067;"W";0;1024;1024;"buffer2"
34189789068;"R";0;102400;102400;"buffer2"
34189789068;"W";0;1024;1024;"buffer2"
34189789069;"R";0;102400;102400;"buffer2"
34189789069;"W";0;1024;1024;"buffer2"
34189789070;"R";0;102400;102400;"buffer2"
34189789070;"W";0;1024;1024;"buffer2"
34189789071;"R";0;102400;102400;"buffer2"
34189789071;"W";0;1024;1024;"buffer2"
34189789072;"R";0;102400;102400;"buffer2"
34189789072;"W";0;1024;1024;"buffer2"
34189789073;"R";0;102400;102400;"buffer2"
34189789073;"W";0;1024;1024;"buffer2"
34189789074;"R";0;102400;102400;"buffer2"
34189789074;"W";0;1024;1024;"buffer2"
34189789075;"R";0;102400;102400;"buffer2"
34189789075;"W";0;1024;1024;"buffer2"
34189789076;"R";0;102400;102400;"buffer2"
34189789076;"W";0;1024;1024;"buffer2"
34189789077;"R";0;102400;102400;"buffer2"
34189789077;"W";0;1024;1024;"buffer2"
34189789078;"R";0;102400;102400;"buffer2"
34189789078;"W";0;1024;1024;"buffer2"
34189789079;"R";0;102400;102400;"buffer2"
34189789079;"W";0;1024;1024;"buffer2"
34189789080;"R";0;102400;102400;"buffer2"
34189789080;"W";0;1024;1024;"buffer2"
34189789081;"R";0;102400;102400;"buffer2"
34189789081;"W";0;1024;1024;"buffer2"
34189789082;"R";0;102400;102400;"buffer2"
34189789082;"W";0;1024;1024;"buffer2"
34189789083;"R";0;102400;102400;"buffer2"
34189789083;"W";0;1024;1024;"buffer2"
34189789084;"R";0;102400;102400;"buffer2"
34189789084;"W";0;1024;1024;"buffer2"
34189789085;"R";0;102400;102400;"buffer2"
34189789085;"W";0;1024;1024;"buffer2"
34189789086;"R";0;102400;102400;"buffer2"
34189789086;"W";0;1024;1024;"buffer2"
34189789087;"R";0;102400;102400;"buffer2"
34189789087;"W";0;1024;1024;"buffer2"
34189789088;"R";0;102400;102400;"buffer2"
34189789088;"W";0;1024;1024;"buffer2"
34189789089;"R";0;102400;102400;"buffer2"
34189789089;"W";0;1024;1024;"buffer2"
34189789090;"R";0;102400;102400;"buffer2"
34189789090;"W";0;1024;1024;"buffer2"
34189789091;"R";0;102400;102400;"buffer2"
34189789091;"W";0;1024;1024;"buffer2"
34189789092;"R";0;102400;102400;"buffer2"
34189789092;"W";0;1024;1024;"buffer2"
34189789093;"R";0;102400;102400;"buffer2"
34189789093;"W";0;1024;1024;"buffer2"
34189789094;"R";0;102400;102400;"buffer2"
34189789094;"W";0;1024;1024;"buffer2"
34189789095;"R";0;102400;102400;"buffer2"
34189789095;"W";0;1024;1024;"buffer2"
34189789096;"R";0;102400;102400;"buffer2"
34189789096;"W";0;1024;1024;"buffer2"
34189789097;"R";0;102400;102400;"buffer2"
34189789097;"W";0;1024;1024;"buffer2"
34189789098;"R";0;102400;102400;"buffer2"
34189789098;"W";0;1024;1024;"buffer2"
34189789099;"R";0;102400;102400;"buffer2"
34189789099;"W";0;1024;1024;"buffer2"
34189789100;"R";0;102400;102400;"buffer2"
34189789100;"W";0;1024;1024;"buffer2"
34189789101;"R";0;102400;102400;"buffer2"
34189789101;"W";0;1024;1024;"buffer2"
34189789102;"R";0;102400;102400;"buffer2"
34189789102;"W";0;1024;1024;"buffer2"
34189789103;"R";0;6400;6400;"buffer2"
34189789103;"W";0;64;64;"buffer2"
34189789191;"R";0;1024;1024;"prices"
34189789191;"W";0;102400;102400;"prices"
34189789192;"R";0;1024;1024;"prices"
34189789192;"W";0;102400;102400;"prices"
34189789193;"R";0;1024;1024;"prices"
34189789193;"W";0;102400;102400;"prices"
34189789194;"R";0;1024;1024;"prices"
34189789194;"W";0;102400;102400;"prices"
34189789195;"R";0;1024;1024;"prices"
34189789195;"W";0;102400;102400;"prices"
34189789196;"R";0;1024;1024;"prices"
34189789196;"W";0;102400;102400;"prices"
34189789197;"R";0;1024;1024;"prices"
34189789197;"W";0;102400;102400;"prices"
34189789198;"R";0;1024;1024;"prices"
34189789198;"W";0;102400;102400;"prices"
34189789199;"R";0;1024;1024;"prices"
34189789199;"W";0;102400;102400;"prices"
34189789200;"R";0;1024;1024;"prices"
34189789200;"W";0;102400;102400;"prices"
34189789201;"R";0;1024;1024;"prices"
34189789201;"W";0;102400;102400;"prices"
34189789202;"R";0;1024;1024;"prices"
34189789202;"W";0;102400;102400;"prices"
34189789203;"R";0;1024;1024;"prices"
34189789203;"W";0;102400;102400;"prices"
34189789204;"R";0;1024;1024;"prices"
34189789204;"W";0;102400;102400;"prices"
34189789205;"R";0;1024;1024;"prices"
34189789205;"W";0;102400;102400;"prices"
34189789206;"R";0;1024;1024;"prices"
34189789206;"W";0;102400;102400;"prices"
34189789207;"R";0;1024;1024;"prices"
34189789207;"W";0;102400;102400;"prices"
34189789208;"R";0;1024;1024;"prices"
34189789208;"W";0;102400;102400;"prices"
34189789209;"R";0;1024;1024;"prices"
34189789209;"W";0;102400;102400;"prices"
34189789210;"R";0;1024;1024;"prices"
34189789210;"W";0;102400;102400;"prices"
34189789211;"R";0;1024;1024;"prices"
34189789211;"W";0;102400;102400;"prices"
34189789212;"R";0;1024;1024;"prices"
34189789212;"W";0;102400;102400;"prices"
34189789213;"R";0;1024;1024;"prices"
34189789213;"W";0;102400;102400;"prices"
34189789214;"R";0;1024;1024;"prices"
34189789214;"W";0;102400;102400;"prices"
34189789215;"R";0;1024;1024;"prices"
34189789215;"W";0;102400;102400;"prices"
34189789216;"R";0;1024;1024;"prices"
34189789216;"W";0;102400;102400;"prices"
34189789217;"R";0;1024;1024;"prices"
34189789217;"W";0;102400;102400;"prices"
34189789218;"R";0;1024;1024;"prices"
34189789218;"W";0;102400;102400;"prices"
34189789219;"R";0;1024;1024;"prices"
34189789219;"W";0;102400;102400;"prices"
34189789220;"R";0;1024;1024;"prices"
34189789220;"W";0;102400;102400;"prices"
34189789221;"R";0;1024;1024;"prices"
34189789221;"W";0;102400;102400;"prices"
34189789222;"R";0;1024;1024;"prices"
34189789222;"W";0;102400;102400;"prices"
34189789223;"R";0;1024;1024;"prices"
34189789223;"W";0;102400;102400;"prices"
34189789224;"R";0;1024;1024;"prices"
34189789224;"W";0;102400;102400;"prices"
34189789225;"R";0;1024;1024;"prices"
34189789225;"W";0;102400;102400;"prices"
34189789226;"R";0;1024;1024;"prices"
34189789226;"W";0;102400;102400;"prices"
34189789227;"R";0;1024;1024;"prices"
34189789227;"W";0;102400;102400;"prices"
34189789228;"R";0;1024;1024;"prices"
34189789228;"W";0;102400;102400;"prices"
34189789229;"R";0;1024;1024;"prices"
34189789229;"W";0;102400;102400;"prices"
34189789230;"R";0;1024;1024;"prices"
34189789230;"W";0;102400;102400;"prices"
34189789231;"R";0;1024;1024;"prices"
34189789231;"W";0;102400;102400;"prices"
34189789232;"R";0;1024;1024;"prices"
34189789232;"W";0;102400;102400;"prices"
34189789233;"R";0;1024;1024;"prices"
34189789233;"W";0;102400;102400;"prices"
34189789234;"R";0;1024;1024;"prices"
34189789234;"W";0;102400;102400;"prices"
34189789235;"R";0;1024;1024;"prices"
34189789235;"W";0;102400;102400;"prices"
34189789236;"R";0;1024;1024;"prices"
34189789236;"W";0;102400;102400;"prices"
34189789237;"R";0;1024;1024;"prices"
34189789237;"W";0;102400;102400;"prices"
34189789238;"R";0;1024;1024;"prices"
34189789238;"W";0;102400;102400;"prices"
34189789239;"R";0;1024;1024;"prices"
34189789239;"W";0;102400;102400;"prices"
34189789240;"R";0;1024;1024;"prices"
34189789240;"W";0;102400;102400;"prices"
34189789241;"R";0;1024;1024;"prices"
34189789241;"W";0;102400;102400;"prices"
34189789242;"R";0;1024;1024;"prices"
34189789242;"W";0;102400;102400;"prices"
34189789243;"R";0;1024;1024;"prices"
34189789243;"W";0;102400;102400;"prices"
34189789244;"R";0;1024;1024;"prices"
34189789244;"W";0;102400;102400;"prices"
34189789245;"R";0;1024;1024;"prices"
34189789245;"W";0;102400;102400;"prices"
34189789246;"R";0;1024;1024;"prices"
34189789246;"W";0;102400;102400;"prices"
34189789247;"R";0;1024;1024;"prices"
34189789247;"W";0;102400;102400;"prices"
34189789248;"R";0;1024;1024;"prices"
34189789248;"W";0;102400;102400;"prices"
34189789249;"R";0;1024;1024;"prices"
34189789249;"W";0;102400;102400;"prices"
34189789250;"R";0;1024;1024;"prices"
34189789250;"W";0;102400;102400;"prices"
34189789251;"R";0;1024;1024;"prices"
34189789251;"W";0;102400;102400;"prices"
34189789252;"R";0;1024;1024;"prices"
34189789252;"W";0;102400;102400;"prices"
34189789253;"R";0;1024;1024;"prices"
34189789253;"W";0;102400;102400;"prices"
34189789254;"R";0;4;4;"prices"
34189789254;"W";0;400;400;"prices"
34358872626;"R";0;74485876;74485876;"Stack#0"
34358872626;"W";0;63782686;63782686;"Stack#0"
